word_freq_1,word_freq_2,word_freq_3,word_freq_4,word_freq_5,word_freq_6,word_freq_7,word_freq_8,word_freq_9,word_freq_10,word_freq_11,word_freq_12,word_freq_13,word_freq_14,word_freq_15,word_freq_16,word_freq_17,word_freq_18,word_freq_19,word_freq_20,word_freq_21,word_freq_22,word_freq_23,word_freq_24,word_freq_25,word_freq_26,word_freq_27,word_freq_28,word_freq_29,word_freq_30,word_freq_31,word_freq_32,word_freq_33,word_freq_34,word_freq_35,word_freq_36,word_freq_37,word_freq_38,word_freq_39,word_freq_40,word_freq_41,word_freq_42,word_freq_43,word_freq_44,word_freq_45,word_freq_46,word_freq_47,word_freq_48,char_freq_1,char_freq_2,char_freq_3,char_freq_4,char_freq_5,char_freq_6,capital_run_length_average,capital_run_length_longest,capital_run_length_total,class
0.0,0.0,0.0,0.0,0.0,0.0,0.0,0.0,0.0,0.0,0.0,0.0,0.0,0.0,0.44,0.0,0.0,0.44,0.0,0.0,0.0,0.0,0.0,0.0,0.44,0.44,0.0,0.88,0.0,0.0,0.0,0.0,0.0,0.0,0.44,0.0,0.0,0.0,0.0,0.0,0.0,0.0,0.0,0.44,0.0,0.0,0.0,0.0,0.0,0.119,0.0,0.0,0.0,0.0,1.842,15,105,0
0.0,0.0,0.0,0.0,0.0,0.0,0.0,0.0,0.0,2.11,0.0,0.0,0.7,0.0,0.0,0.7,0.0,0.7,2.11,0.0,0.0,0.0,0.0,0.0,0.0,0.0,0.0,0.0,0.0,0.0,0.0,0.0,0.0,0.0,0.0,0.0,0.0,0.0,0.0,0.0,0.0,0.0,0.7,0.0,0.7,0.7,0.0,0.0,0.0,0.0,0.0,0.336,0.0,0.0,2.97,68,101,0
0.0,0.0,0.0,0.0,0.0,0.0,0.0,0.0,0.0,0.0,0.0,1.07,0.0,0.0,0.0,0.0,0.0,0.0,1.07,0.0,0.0,0.0,0.0,0.0,0.0,0.0,0.0,0.0,0.0,0.0,0.0,0.0,2.15,0.0,0.0,0.0,0.0,0.0,0.0,0.0,0.0,0.0,0.0,3.22,0.0,0.0,0.0,0.0,0.0,0.0,0.0,0.0,0.0,0.0,1.416,6,68,0
0.0,0.0,0.0,0.0,0.0,0.0,0.0,0.0,0.0,0.0,0.0,0.0,0.0,0.0,0.0,0.0,0.0,0.0,0.0,0.0,0.0,0.0,0.0,0.0,5.71,2.85,0.0,0.0,0.0,0.0,0.0,0.0,0.0,0.0,0.0,0.0,0.0,0.0,0.0,0.0,0.0,0.0,0.0,0.0,0.0,0.0,0.0,0.0,0.0,0.0,0.0,0.0,0.0,0.0,1.25,2,10,0
0.0,0.0,0.0,0.0,0.0,0.0,0.0,0.0,0.0,0.0,0.0,0.0,0.0,0.0,0.0,0.0,0.0,0.0,2.46,0.0,2.46,0.0,0.0,0.0,0.0,0.0,0.0,0.0,0.0,0.0,0.0,0.0,0.0,0.0,0.0,0.0,0.0,0.0,0.0,0.0,0.0,0.0,0.0,0.0,0.0,0.0,0.0,0.0,0.0,0.0,0.0,0.415,0.0,0.0,1.909,9,42,1
0.0,0.0,0.0,0.0,0.0,0.0,0.0,0.71,0.0,0.0,0.0,0.71,0.0,0.0,0.0,1.43,0.0,0.0,4.31,0.0,1.43,0.0,0.0,0.71,0.0,0.0,0.0,0.0,0.0,0.0,0.0,0.0,0.0,0.0,0.0,0.0,0.0,0.0,0.0,0.0,0.0,0.0,0.0,0.0,2.15,0.0,0.0,0.0,0.0,0.265,0.0,0.132,0.0,0.0,2.322,16,72,1
0.0,0.0,0.0,0.0,0.97,0.0,0.97,0.0,0.0,0.0,0.0,0.0,0.0,0.0,0.0,0.97,0.0,0.0,0.0,0.0,1.94,0.0,0.0,0.0,0.0,0.0,0.0,0.0,0.0,0.0,0.0,0.0,0.0,0.0,0.0,0.0,0.0,0.0,0.0,0.0,0.0,0.0,0.0,0.97,0.0,0.0,0.0,0.0,0.0,0.0,0.0,0.834,0.0,0.0,3.052,68,116,1
0.0,0.0,0.0,0.0,0.0,0.0,0.0,0.0,0.0,0.0,0.0,0.0,0.0,0.0,0.0,0.0,0.0,0.0,0.0,0.0,0.0,0.0,0.0,0.0,0.0,0.0,0.0,0.0,0.0,0.0,0.0,0.0,0.0,0.0,0.0,0.0,0.0,0.0,0.0,0.0,0.0,0.0,0.0,0.0,0.0,0.0,0.0,0.0,0.0,0.0,0.0,0.0,0.0,0.0,2.25,6,9,0
0.0,0.0,0.39,0.0,1.17,0.0,0.0,0.0,0.0,0.78,0.0,0.39,0.0,0.0,0.0,0.39,0.78,0.0,2.73,0.0,1.17,0.0,0.39,0.0,0.0,0.0,0.0,0.0,0.0,0.0,0.0,0.0,0.0,0.0,0.0,0.0,0.0,0.0,0.0,0.0,0.0,0.0,0.0,0.0,1.17,0.0,0.0,0.0,0.0,0.062,0.0,0.869,0.186,0.0,4.0,78,256,1
0.0,0.0,0.0,0.0,1.29,0.43,0.43,0.0,0.0,0.0,0.0,0.0,0.43,0.0,0.0,0.43,0.43,0.43,1.72,0.0,0.86,0.0,0.0,0.0,0.0,0.0,0.0,0.0,0.0,0.0,0.0,0.0,0.0,0.0,0.0,0.0,0.0,0.0,0.0,0.0,0.0,0.0,0.0,0.0,0.0,0.0,0.0,0.0,0.0,0.129,0.0,0.129,0.0,0.0,5.8,46,116,1
1.19,0.0,0.0,0.0,0.0,0.0,0.0,0.0,0.0,1.19,0.0,0.0,0.0,0.0,0.0,0.0,0.0,0.0,1.19,0.0,0.0,0.0,0.0,0.0,1.19,1.19,0.0,2.38,0.0,0.0,0.0,0.0,0.0,0.0,0.0,0.0,0.0,0.0,0.0,0.0,0.0,0.0,0.0,0.0,0.0,0.0,0.0,0.0,0.0,0.4,0.0,0.0,0.0,0.0,3.09,11,68,0
0.0,0.0,1.0,0.0,0.0,0.0,0.0,0.0,0.0,0.25,0.25,0.5,0.0,0.0,0.0,0.0,0.0,0.0,1.0,0.0,0.75,0.0,0.0,0.0,1.0,0.5,0.0,0.0,0.5,0.25,0.0,0.0,0.0,0.0,0.0,0.0,0.75,0.0,0.0,0.0,0.0,0.0,0.0,0.0,0.0,0.0,0.0,1.0,0.457,0.294,0.0,0.0,0.0,0.0,4.379,208,508,0
0.37,0.0,0.63,0.0,0.25,0.12,0.0,0.0,0.0,0.0,0.0,0.12,0.12,0.0,0.0,0.0,0.0,0.12,1.51,0.0,0.25,0.0,0.0,0.0,0.0,0.0,0.0,0.0,0.12,0.0,0.0,0.0,0.0,0.0,0.0,0.0,0.0,0.0,0.0,0.0,0.0,0.0,0.0,0.0,0.37,0.0,0.0,0.0,0.0,0.107,0.0,0.193,0.0,0.0,1.181,4,104,0
0.0,0.0,0.0,0.0,0.0,0.0,0.0,2.63,0.0,0.0,0.0,0.0,0.0,0.0,0.0,0.0,0.0,0.0,0.37,0.0,0.0,0.0,0.0,0.0,0.0,0.0,0.0,0.0,0.0,0.0,0.0,0.0,0.0,0.0,0.0,0.0,0.37,0.0,0.37,0.0,0.75,0.0,0.37,0.0,0.75,1.12,0.0,0.0,0.0,0.0,0.063,0.0,0.0,0.0,2.023,14,85,0
0.0,0.0,0.0,0.0,0.0,0.0,0.0,0.0,0.0,0.97,0.0,0.0,0.0,0.0,0.0,0.0,0.0,0.0,0.0,0.0,0.0,0.0,0.0,0.0,0.0,0.0,0.97,0.0,0.0,0.0,0.0,0.0,0.0,0.0,0.0,0.0,0.0,0.0,0.0,0.0,0.0,0.0,0.0,0.0,0.0,0.0,0.0,0.0,0.0,0.491,0.163,0.0,0.0,0.0,4.312,33,138,0
0.0,0.0,0.54,0.0,0.0,0.0,0.0,0.0,0.0,0.0,0.0,0.27,0.0,0.0,0.0,0.0,0.0,0.0,3.29,0.0,0.0,0.0,0.0,0.0,0.0,0.0,0.0,0.0,0.0,0.0,0.0,0.0,0.0,0.0,0.0,0.0,0.27,0.0,0.27,0.0,0.54,0.0,0.27,0.0,0.27,0.27,0.0,0.0,0.0,0.188,0.047,0.0,0.0,0.0,1.745,12,89,0
0.0,0.0,0.0,0.0,0.0,0.0,0.0,0.0,0.0,0.0,0.0,0.0,1.88,0.0,0.0,0.0,0.0,1.88,0.0,0.0,0.0,0.0,0.0,0.0,0.0,0.0,0.0,0.0,0.0,0.0,0.0,0.0,0.0,0.0,0.0,0.0,0.0,0.0,0.0,0.0,0.0,0.0,0.0,1.88,0.0,0.0,0.0,0.0,0.0,0.0,0.0,0.0,0.0,0.0,1.533,5,23,0
0.0,0.0,0.0,0.0,0.44,0.0,0.0,0.0,0.0,0.0,0.0,0.0,0.0,0.0,0.0,0.0,0.0,0.0,0.0,0.0,0.0,0.0,0.0,0.0,0.0,0.0,0.0,0.0,1.34,0.0,0.0,0.0,0.0,0.0,0.0,0.0,0.44,0.0,0.0,0.0,0.0,0.44,0.0,0.0,0.0,0.0,0.0,0.0,0.0,0.0,0.0,0.0,0.0,0.0,3.901,33,398,0
0.29,0.58,0.29,0.0,0.29,0.0,0.0,0.29,3.23,0.88,0.29,0.88,0.0,0.0,0.0,0.0,0.0,0.88,1.76,0.29,2.64,0.0,0.0,0.0,0.29,0.29,0.29,0.0,0.0,0.0,0.0,0.0,0.0,0.0,0.0,0.0,0.29,0.0,0.0,0.0,0.0,0.0,0.0,0.0,0.0,0.0,0.0,0.0,0.075,0.113,0.0,0.113,0.265,0.113,2.285,16,208,0
0.0,0.0,0.0,0.0,0.0,0.0,0.0,0.4,0.0,0.0,0.0,0.81,0.4,0.0,0.0,0.0,0.0,0.0,1.22,0.0,0.0,0.0,0.0,0.0,2.86,2.45,0.0,0.0,0.4,0.4,0.0,0.0,0.0,0.0,0.0,0.0,0.4,0.0,0.4,0.0,0.0,0.0,0.0,0.4,0.0,0.0,0.0,2.45,0.126,0.063,0.063,0.063,0.0,0.0,1.611,12,116,0
0.0,0.0,0.0,0.0,0.0,0.0,0.0,0.0,0.0,0.0,0.0,0.0,0.0,0.0,0.0,0.0,0.0,0.0,0.0,0.0,0.0,0.0,0.0,0.0,0.0,0.0,0.0,0.0,0.0,0.0,0.0,0.0,0.0,0.0,0.0,0.0,0.0,0.0,0.0,0.0,0.0,0.0,0.0,0.0,0.0,0.0,0.0,5.0,0.0,0.0,0.0,0.0,0.0,0.0,1.75,3,7,0
0.0,0.0,0.0,0.0,0.0,0.0,0.0,0.0,0.0,0.0,0.0,0.0,0.0,0.0,0.0,0.0,0.0,0.0,0.0,0.0,0.0,0.0,0.0,0.0,0.0,0.0,20.0,0.0,0.0,0.0,0.0,0.0,0.0,0.0,0.0,0.0,0.0,0.0,0.0,0.0,0.0,0.0,0.0,0.0,0.0,0.0,0.0,0.0,0.0,0.0,0.0,0.0,0.0,0.0,1.0,1,5,0
0.0,0.0,0.0,0.0,0.0,0.0,0.0,0.0,0.3,0.0,0.0,0.3,0.0,1.82,0.0,0.0,0.3,0.0,0.6,0.0,0.91,0.0,0.0,0.0,0.0,0.0,1.51,0.0,0.0,0.0,0.0,0.0,0.0,0.0,0.0,0.0,0.0,0.0,0.0,0.0,0.0,1.21,0.0,0.0,0.0,0.0,1.51,0.0,0.0,0.057,0.0,0.0,0.0,0.231,2.011,28,358,0
0.83,0.0,0.41,0.0,0.0,0.0,0.0,0.0,0.0,0.0,0.41,0.83,0.0,0.0,0.0,0.0,0.0,0.0,2.91,0.0,1.66,0.0,0.0,0.0,0.41,0.41,0.0,0.0,0.0,0.0,0.0,0.0,0.0,0.0,0.0,0.0,0.41,0.0,0.0,0.0,0.0,0.0,0.41,0.0,0.0,0.0,0.0,0.0,0.0,0.0,0.0,0.283,0.0,0.0,2.022,13,91,0
0.0,0.0,0.0,0.0,0.0,0.0,0.0,0.0,0.0,0.0,0.0,0.0,0.0,0.0,0.0,0.0,0.0,0.0,0.0,0.0,0.0,0.0,0.0,0.0,0.0,0.0,20.0,0.0,0.0,0.0,0.0,0.0,0.0,0.0,0.0,0.0,0.0,0.0,0.0,0.0,0.0,0.0,0.0,0.0,0.0,0.0,0.0,0.0,0.0,0.0,0.0,0.0,0.0,0.0,1.0,1,5,0
0.0,0.0,1.0,0.0,0.5,0.0,0.0,0.0,0.0,0.5,0.0,0.0,0.0,0.0,0.0,0.5,0.0,0.0,2.5,0.0,1.5,0.0,0.0,0.0,0.0,0.0,0.0,0.0,0.0,0.0,0.0,0.0,0.0,0.0,0.0,0.0,0.0,0.0,0.0,0.0,0.0,0.0,0.0,0.0,0.5,0.0,0.0,0.0,0.0,0.357,0.0,0.892,0.0,0.0,2.0,19,172,1
0.26,0.0,0.26,0.0,0.0,0.0,0.0,0.0,0.0,0.0,0.0,0.26,0.52,0.0,0.0,0.0,0.0,0.0,1.56,0.0,0.0,0.0,0.0,0.0,0.78,0.26,0.0,0.0,0.0,0.0,0.0,0.0,0.0,0.0,0.0,0.0,0.0,0.0,0.0,0.26,0.0,0.0,0.0,0.0,0.0,0.0,0.0,0.0,0.123,0.041,0.0,0.041,0.0,0.0,1.517,4,44,0
0.0,0.0,0.0,0.0,0.0,0.0,0.0,0.0,0.91,0.0,0.0,0.0,0.0,0.0,0.0,0.0,0.0,0.0,0.91,0.0,2.75,0.0,0.0,0.0,0.0,0.0,0.0,0.0,0.0,0.0,0.0,0.0,0.0,0.0,0.0,0.0,0.0,0.0,0.0,0.0,0.0,0.0,0.0,0.0,0.0,0.0,0.0,0.0,0.0,0.141,0.0,0.567,0.0,0.0,2.9,28,87,1
0.0,0.0,0.66,0.0,0.0,0.0,0.0,0.0,0.0,0.0,0.0,0.0,0.0,0.0,0.0,0.0,0.0,0.0,2.66,0.0,0.0,0.0,0.0,0.0,0.0,0.0,0.0,0.0,0.0,0.0,0.0,0.0,0.0,0.0,0.0,0.0,0.0,0.0,0.0,0.0,0.0,0.0,0.0,0.0,0.66,0.0,0.0,0.0,0.0,0.231,0.0,0.231,0.0,0.0,1.761,17,37,0
0.0,0.0,0.0,0.0,0.7,0.0,0.0,0.88,0.0,0.17,0.0,0.52,0.17,0.0,0.0,0.0,0.0,0.0,2.46,0.0,1.93,0.0,0.0,0.0,0.52,0.35,0.35,0.17,0.17,0.17,0.17,0.17,0.17,0.17,0.17,0.17,0.17,0.0,0.0,0.17,0.0,0.0,0.0,0.0,0.17,0.0,0.0,0.0,0.0,0.086,0.0,0.057,0.0,0.0,1.472,15,162,0
0.0,0.0,0.0,0.0,0.0,0.0,0.0,0.0,0.0,0.0,0.0,0.9,0.0,0.0,0.0,0.0,0.0,0.9,0.9,0.0,0.0,0.0,0.0,0.0,0.9,0.9,0.0,0.0,0.9,0.0,0.9,0.0,0.9,0.0,0.0,0.9,0.0,0.0,0.0,0.0,0.0,0.9,0.0,0.0,0.0,0.0,0.0,0.0,0.0,0.471,0.0,0.0,0.0,0.0,1.424,8,47,0
0.0,0.0,0.0,0.0,0.0,0.0,0.0,0.0,0.0,5.26,0.0,5.26,0.0,0.0,0.0,0.0,0.0,0.0,0.0,0.0,0.0,0.0,0.0,0.0,0.0,0.0,0.0,0.0,0.0,0.0,0.0,0.0,0.0,0.0,0.0,0.0,0.0,0.0,0.0,0.0,0.0,0.0,0.0,0.0,0.0,0.0,0.0,0.0,0.0,0.0,0.0,0.952,0.0,0.0,3.2,12,16,0
0.0,0.0,0.62,0.0,0.62,0.0,0.0,0.0,0.0,0.0,0.0,1.25,0.0,0.0,0.0,0.0,0.0,0.0,0.62,0.0,0.62,0.0,0.0,0.0,1.57,1.57,0.31,0.0,0.0,0.0,0.0,0.0,1.57,0.0,0.0,0.0,0.31,0.0,0.31,0.0,0.0,0.94,0.0,0.0,0.62,0.0,0.0,0.62,0.164,0.109,0.109,0.0,0.054,0.0,1.671,13,107,0
0.0,0.0,0.0,0.0,0.0,0.0,0.0,0.0,0.0,0.0,0.0,0.89,0.0,0.0,0.0,0.0,0.0,0.0,3.57,0.0,2.67,0.0,0.0,0.0,0.0,0.0,0.0,0.0,0.0,0.0,0.0,0.0,0.0,0.0,0.0,0.0,0.0,0.0,0.0,0.0,0.0,0.0,0.0,0.0,0.0,0.0,0.0,0.0,0.0,0.0,0.0,0.0,0.0,0.0,2.375,23,38,0
0.0,0.0,5.1,0.0,2.04,0.0,0.0,0.0,0.0,0.0,0.0,1.02,0.0,0.0,0.0,0.0,0.0,0.0,1.02,0.0,0.0,0.0,0.0,0.0,0.0,0.0,1.02,0.0,0.0,0.0,0.0,0.0,0.0,0.0,0.0,0.0,0.0,0.0,0.0,0.0,0.0,0.0,0.0,0.0,0.0,0.0,0.0,0.0,0.0,1.094,0.0,0.0,0.0,0.0,1.29,5,40,0
0.26,0.0,0.26,0.0,0.0,0.0,0.0,0.0,0.0,0.0,0.0,0.26,0.52,0.0,0.0,0.0,0.0,0.0,1.56,0.0,0.0,0.0,0.0,0.0,0.78,0.26,0.0,0.0,0.0,0.0,0.0,0.0,0.0,0.0,0.0,0.0,0.0,0.0,0.0,0.26,0.0,0.0,0.0,0.0,0.0,0.0,0.0,0.0,0.123,0.041,0.0,0.041,0.0,0.0,1.517,4,44,0
0.0,0.0,0.0,0.0,0.0,0.0,0.0,0.0,0.0,0.0,0.0,0.0,0.0,0.0,0.0,0.0,0.0,0.0,0.0,0.0,2.38,0.0,0.0,0.0,2.38,0.0,0.0,4.76,0.0,0.0,0.0,0.0,2.38,0.0,2.38,0.0,0.0,0.0,0.0,0.0,0.0,0.0,0.0,0.0,0.0,0.0,0.0,0.0,0.0,0.749,0.0,0.374,0.0,0.0,2.85,15,57,0
0.0,0.0,0.0,0.0,0.47,0.0,1.43,0.0,0.0,0.0,0.47,0.47,0.0,0.0,0.0,0.47,0.0,1.91,1.91,0.47,1.43,0.0,0.0,0.0,0.0,0.0,0.0,0.0,0.0,0.0,0.0,0.0,0.0,0.0,0.0,0.0,0.0,0.0,0.0,0.0,0.0,0.0,0.0,0.0,0.0,0.0,0.0,0.0,0.0,0.0,0.0,0.073,0.295,0.0,3.361,54,158,1
0.0,0.0,0.83,0.0,1.66,0.41,0.0,0.0,0.0,0.0,0.0,0.41,0.0,0.0,0.0,0.41,0.0,0.0,2.08,0.0,4.16,0.0,0.0,0.0,0.0,0.0,0.0,0.0,0.0,0.0,0.0,0.0,0.0,0.0,0.0,0.0,0.0,0.0,0.0,0.0,0.0,0.0,0.0,0.0,0.0,0.0,0.0,0.0,0.0,0.218,0.0,0.0,0.0,0.0,2.35,12,134,1
0.66,0.0,0.0,0.0,0.0,0.0,0.0,0.0,0.66,0.66,0.0,2.0,0.0,0.0,0.0,0.0,0.0,0.0,2.0,0.0,1.33,0.0,0.0,0.0,0.66,0.66,0.0,1.33,0.0,0.0,0.0,0.0,0.0,0.0,0.0,0.0,0.0,0.0,0.66,0.0,0.0,0.0,0.0,0.0,0.0,0.0,0.0,0.0,0.0,0.35,0.0,0.0,0.0,0.0,2.529,11,86,0
0.0,0.0,0.47,0.0,0.0,0.0,0.94,0.0,0.0,0.0,0.0,0.47,0.0,0.0,0.0,0.0,0.47,0.0,0.94,0.0,0.47,0.0,0.0,0.0,0.0,0.0,0.0,0.0,0.0,0.0,0.0,0.0,0.0,0.0,0.0,0.0,0.0,0.0,0.0,0.0,0.0,0.0,0.0,0.0,0.47,0.0,0.0,0.0,0.0,0.072,0.0,0.217,0.0,0.0,1.48,11,77,1
0.0,0.0,0.0,0.0,0.0,0.0,0.0,0.0,0.0,0.0,0.0,0.0,0.0,0.0,0.0,0.0,0.0,0.0,0.0,0.0,0.0,0.0,0.0,0.0,0.0,0.0,20.0,0.0,0.0,0.0,0.0,0.0,0.0,0.0,0.0,0.0,0.0,0.0,0.0,0.0,0.0,0.0,0.0,0.0,0.0,0.0,0.0,0.0,0.0,0.0,0.0,0.0,0.0,0.0,1.0,1,5,0
0.0,0.0,0.0,0.0,0.0,0.33,0.0,0.0,0.0,0.0,0.0,0.0,0.82,0.16,0.0,0.0,0.0,0.0,0.33,0.0,0.0,0.0,0.0,0.0,0.0,0.0,0.0,0.0,0.0,0.0,0.0,0.0,0.0,0.0,0.0,0.0,0.0,0.0,0.0,0.0,0.0,0.0,0.0,0.0,0.49,0.16,0.0,0.0,0.019,0.039,0.0,0.059,0.0,0.0,1.632,47,191,0
0.0,0.0,1.96,0.0,0.0,0.0,0.0,0.0,0.0,0.0,0.0,0.0,0.0,1.96,0.0,0.0,0.0,0.0,1.96,0.0,1.96,0.0,0.0,0.0,0.0,0.0,0.0,0.0,1.96,0.0,0.0,0.0,0.0,0.0,0.0,0.0,0.0,0.0,0.0,0.0,0.0,0.0,0.0,0.0,0.0,0.0,0.0,0.0,0.0,0.0,0.0,0.0,0.0,0.0,2.142,11,30,0
0.0,0.0,1.02,0.0,0.0,0.0,0.0,0.0,0.0,0.0,0.0,0.0,0.0,0.0,0.0,0.0,0.0,0.0,1.02,0.0,0.0,0.0,0.0,0.0,0.0,0.0,0.0,0.0,0.0,0.0,0.0,0.0,0.0,0.0,0.0,0.0,0.0,0.0,0.0,0.0,0.0,0.0,0.0,0.0,1.02,0.0,0.0,0.0,0.0,0.0,0.395,0.0,0.0,0.0,1.523,6,32,0
0.0,0.0,0.0,0.0,0.0,0.0,0.0,0.0,0.0,0.0,0.0,4.65,0.0,2.32,0.0,0.0,0.0,0.0,0.0,0.0,0.0,0.0,0.0,0.0,0.0,0.0,0.0,0.0,0.0,0.0,0.0,0.0,0.0,0.0,0.0,0.0,0.0,0.0,0.0,0.0,0.0,0.0,0.0,0.0,0.0,0.0,0.0,0.0,0.0,0.0,0.0,0.448,0.0,0.0,2.0,4,28,0
0.0,0.0,0.0,0.0,2.94,0.0,0.0,0.0,0.0,0.0,0.0,0.0,0.0,0.0,0.0,2.94,0.0,0.0,0.0,0.0,0.0,0.0,0.0,0.0,0.0,0.0,0.0,0.0,0.0,0.0,0.0,0.0,0.0,0.0,0.0,0.0,0.0,0.0,0.0,0.0,0.0,0.0,0.0,0.0,0.0,0.0,0.0,0.0,0.436,0.436,0.0,0.873,0.0,0.0,4.142,12,29,1
0.58,0.0,0.19,0.0,1.75,0.39,0.58,0.0,0.0,0.19,0.39,0.78,0.39,0.0,0.0,0.58,0.58,0.58,4.29,0.0,0.39,0.0,0.78,0.0,0.0,0.0,0.0,0.0,0.0,0.0,0.0,0.0,0.0,0.0,0.0,0.0,0.0,0.0,0.0,0.0,0.0,0.0,0.0,0.0,0.39,0.0,0.0,0.0,0.0,0.271,0.0,0.067,0.135,0.0,3.015,21,190,1
0.0,0.0,0.0,0.0,0.0,0.0,0.0,0.0,0.0,0.0,0.0,0.0,0.0,0.0,0.0,0.0,0.0,0.0,8.33,0.0,0.0,0.0,0.0,0.0,0.0,0.0,0.0,0.0,0.0,0.0,0.0,0.0,0.0,0.0,0.0,0.0,0.0,0.0,0.0,0.0,0.0,0.0,0.0,0.0,0.0,0.0,0.0,0.0,0.0,0.0,0.0,0.0,0.0,0.0,1.0,1,2,0
0.41,0.0,0.41,0.0,0.41,0.0,0.0,0.0,0.41,0.83,0.0,0.0,0.0,0.0,0.0,0.0,0.41,0.0,1.66,0.0,1.25,3.75,0.0,0.0,0.0,0.0,0.0,0.0,0.0,0.0,0.0,0.0,0.0,0.0,0.0,0.0,0.0,0.0,0.0,0.0,0.0,0.0,0.0,0.0,0.0,0.0,0.0,0.0,0.0,0.0,0.0,0.0,0.0,0.676,9.444,54,255,1
0.0,4.1,0.0,0.0,1.36,0.0,0.0,0.0,0.0,0.0,0.0,0.0,0.0,0.0,0.0,0.0,0.0,1.36,6.84,0.0,1.36,0.0,0.0,0.0,0.0,0.0,2.73,0.0,0.0,0.0,0.0,0.0,0.0,0.0,0.0,0.0,0.0,0.0,0.0,0.0,0.0,0.0,0.0,0.0,1.36,0.0,0.0,0.0,0.0,0.21,0.0,0.42,0.0,0.0,1.387,7,43,0
0.0,0.0,0.0,0.0,0.12,0.0,0.0,0.0,0.0,0.0,0.0,0.9,0.0,0.0,0.0,0.12,0.0,0.12,0.12,0.0,0.12,0.0,0.0,0.0,0.0,0.0,0.0,0.25,0.12,0.12,0.0,0.0,0.0,0.0,0.0,0.64,0.0,0.12,0.0,0.0,0.0,0.38,0.0,0.0,0.0,0.38,0.0,0.0,0.0,0.391,0.0,0.0,0.0,0.0,2.417,41,481,1
0.0,0.0,0.0,0.0,1.16,0.0,0.0,0.0,0.0,1.16,0.0,2.32,0.0,0.0,0.0,0.0,0.0,0.0,0.0,0.0,0.0,0.0,0.0,0.0,1.16,1.16,0.0,2.32,0.0,0.0,0.0,0.0,0.0,0.0,0.0,1.16,0.0,0.0,0.0,0.0,0.0,0.0,0.0,0.0,0.0,0.0,0.0,0.0,0.0,0.39,0.0,0.0,0.0,0.0,3.379,11,98,0
0.1,0.0,0.1,0.0,0.0,0.0,0.0,0.0,0.92,0.0,0.0,0.4,0.0,0.0,0.0,0.0,0.1,0.0,0.4,0.0,0.2,0.0,0.0,0.0,0.51,0.61,0.1,0.0,0.0,0.0,0.0,0.0,0.3,0.0,0.0,0.0,0.1,0.0,0.0,0.0,0.0,0.0,0.0,0.1,0.0,0.0,0.0,0.0,0.014,0.154,0.028,0.0,0.028,0.0,2.785,32,507,0
0.0,0.0,0.0,0.0,0.0,0.0,0.0,0.0,0.0,0.0,0.0,0.0,0.0,0.0,0.0,0.0,0.0,0.0,1.92,0.0,0.64,0.0,0.0,0.0,0.0,3.2,0.0,0.0,0.0,0.0,0.0,0.0,0.0,0.0,0.0,0.64,0.0,0.0,0.0,0.0,0.0,0.0,0.0,0.0,0.0,0.0,0.0,0.0,0.213,0.0,0.0,0.106,0.0,0.0,2.714,47,95,0
0.0,0.0,1.77,0.0,0.0,0.0,0.0,0.0,0.0,0.0,0.0,0.59,0.0,0.0,0.0,0.0,0.0,0.59,4.14,0.0,1.18,0.0,0.0,0.0,0.0,0.0,0.0,0.0,0.0,0.0,0.0,0.0,0.59,0.0,0.0,0.0,0.0,0.0,0.0,0.0,0.0,0.0,0.0,0.0,0.0,0.0,0.0,0.0,0.0,0.165,0.0,0.165,0.082,0.0,2.325,16,100,1
0.5,0.46,0.34,0.0,0.15,0.03,0.0,0.19,0.57,0.65,0.3,0.73,0.65,1.27,0.03,0.23,0.42,0.0,3.08,0.0,1.34,0.0,0.5,0.5,0.0,0.0,0.0,0.0,0.0,0.0,0.0,0.0,0.0,0.0,0.0,0.0,0.0,0.0,0.0,0.0,0.0,0.0,0.0,0.0,0.03,0.0,0.0,0.0,0.011,0.077,0.0,0.335,1.281,0.125,7.202,595,2413,1
0.0,0.0,0.0,0.0,0.0,0.0,0.0,0.0,0.0,0.0,0.0,0.0,0.62,0.0,0.0,0.62,0.0,0.0,1.88,0.0,0.62,0.0,0.0,0.0,1.25,0.62,0.0,0.0,0.0,0.0,0.0,0.0,0.0,0.0,0.0,0.0,1.25,0.0,1.25,0.0,0.0,0.0,1.25,0.0,0.0,0.0,0.0,0.0,0.895,0.179,0.358,0.0,0.0,0.0,1.712,13,149,0
0.0,0.9,1.81,0.0,0.0,0.0,0.9,3.63,0.0,1.81,0.0,0.9,0.0,0.0,0.0,0.0,0.9,0.0,2.72,0.0,3.63,0.0,0.0,0.0,0.0,0.0,0.0,0.0,0.0,0.0,0.0,0.0,0.0,0.0,0.0,0.0,0.0,0.0,0.0,0.0,0.0,0.0,0.0,0.0,0.0,0.0,0.0,0.0,0.0,0.0,0.0,0.774,0.0,0.0,1.0,1,18,1
0.0,0.46,0.0,0.0,1.15,0.0,0.23,0.23,0.0,0.46,0.0,0.69,0.23,0.0,0.0,0.0,0.69,0.69,2.76,0.0,1.84,0.0,0.0,0.23,0.0,0.0,0.0,0.0,0.0,0.0,0.0,0.0,0.0,0.0,0.0,1.15,0.0,0.0,0.0,0.0,0.0,0.0,0.0,0.0,0.0,0.0,0.0,0.0,0.0,0.036,0.036,0.841,0.036,0.0,1.862,52,285,1
0.0,0.0,0.0,0.0,0.0,0.0,0.0,0.0,0.0,0.0,0.0,0.0,0.0,0.0,0.0,0.0,0.0,0.0,0.0,0.0,0.0,0.0,0.0,0.0,0.0,0.0,16.66,0.0,0.0,0.0,0.0,0.0,0.0,0.0,0.0,0.0,0.0,0.0,0.0,0.0,0.0,0.0,0.0,0.0,0.0,0.0,0.0,0.0,0.0,0.0,0.0,0.0,0.0,0.0,1.0,1,5,0
0.08,0.08,0.48,0.0,0.16,0.24,0.0,0.0,0.24,0.08,0.0,0.56,0.0,0.0,0.0,0.0,0.0,0.08,0.88,0.08,0.48,4.57,0.4,0.72,0.0,0.0,0.0,0.0,0.0,0.0,0.0,0.0,0.0,0.0,0.0,0.0,0.0,0.0,0.0,0.0,0.0,0.0,0.0,0.0,0.0,0.0,0.0,0.0,0.0,0.0,0.0,0.233,0.202,0.326,8.763,102,1481,1
0.0,0.0,0.71,0.0,0.71,0.0,0.0,0.0,0.0,0.0,0.0,1.43,0.0,0.0,0.0,0.0,0.0,0.0,0.71,0.0,0.71,0.0,0.0,0.0,0.0,0.0,0.35,0.0,0.0,0.0,0.0,0.0,1.79,0.0,0.0,0.0,0.0,0.0,0.0,0.0,0.0,0.71,0.0,0.0,0.71,0.0,0.0,0.71,0.0,0.125,0.062,0.0,0.062,0.0,1.574,6,85,0
0.0,0.67,0.67,0.0,0.5,0.0,0.16,0.16,0.0,0.0,0.0,0.33,0.67,0.67,0.5,0.0,0.0,0.0,2.52,0.5,1.51,0.0,0.0,0.16,0.0,0.0,0.0,0.0,0.0,0.0,0.0,0.0,0.33,0.0,0.0,0.0,0.0,0.0,0.0,0.0,0.0,0.0,0.0,0.0,0.0,0.0,0.0,0.0,0.0,0.0,0.0,0.079,0.105,0.052,2.0,32,260,1
0.0,0.0,0.0,0.0,0.0,0.0,0.0,0.0,0.0,0.78,0.0,0.0,0.0,0.0,0.0,0.0,0.0,0.0,1.56,0.0,0.0,0.0,0.0,0.0,0.78,0.78,0.0,1.56,0.0,0.0,0.0,0.0,0.0,0.0,0.0,0.78,0.0,0.0,0.0,0.0,0.0,0.0,0.0,0.0,0.0,0.0,0.0,0.0,0.0,0.278,0.0,0.0,0.0,0.0,2.472,11,89,0
0.0,0.0,0.5,0.0,0.5,0.5,0.5,0.0,0.0,0.0,0.0,0.0,0.0,0.0,0.0,0.0,1.01,1.01,3.04,0.0,1.01,0.0,0.0,0.0,0.0,0.0,0.0,0.0,0.0,0.0,0.0,0.0,0.0,0.0,0.0,0.0,0.0,0.0,0.0,0.0,0.0,0.0,0.0,0.0,0.0,0.0,0.0,0.0,0.0,0.089,0.0,0.178,0.0,0.0,1.792,17,95,1
0.0,0.0,1.31,0.0,0.0,0.0,0.0,0.0,0.0,0.0,0.0,1.31,0.0,0.0,0.0,0.0,0.0,0.0,1.31,0.0,5.26,0.0,0.0,1.31,0.0,0.0,0.0,0.0,0.0,0.0,0.0,0.0,0.0,0.0,0.0,0.0,0.0,0.0,0.0,0.0,0.0,0.0,0.0,0.0,0.0,0.0,0.0,0.0,0.0,0.0,0.0,0.0,0.212,0.0,4.818,25,53,1
0.08,0.0,0.08,0.0,0.0,0.0,0.0,0.0,0.79,0.0,0.0,0.26,0.0,0.0,0.0,0.0,0.0,0.08,0.35,0.0,0.26,0.0,0.0,0.0,0.88,0.97,0.08,0.0,0.0,0.0,0.0,0.0,0.26,0.0,0.0,0.0,0.0,0.0,0.0,0.0,0.0,0.0,0.0,0.0,0.0,0.0,0.0,0.0,0.149,0.162,0.049,0.0,0.024,0.0,2.9,40,673,0
0.0,0.0,0.0,0.0,0.68,0.0,0.0,0.0,0.0,0.0,0.0,0.0,0.0,0.0,0.0,0.0,0.0,0.0,0.0,0.0,0.0,0.0,0.0,0.0,0.0,0.34,0.0,0.0,0.0,0.0,0.0,0.0,1.37,0.0,0.0,0.0,0.0,0.0,0.0,0.0,0.0,0.0,0.0,0.0,0.34,0.0,0.0,0.0,0.0,0.143,0.0,0.0,0.0,0.0,1.784,18,141,0
0.0,0.0,0.06,0.0,0.0,0.0,0.0,0.06,0.13,0.13,0.13,1.67,0.26,0.33,0.0,0.13,0.13,0.0,0.0,0.06,0.06,0.0,0.0,0.0,2.54,0.13,0.0,0.0,0.2,0.26,0.13,0.0,0.0,0.0,0.06,0.2,0.13,0.06,0.0,0.06,0.0,0.0,0.0,0.0,0.0,0.0,0.0,0.0,0.028,0.131,0.0,0.0,0.0,0.0,1.997,20,787,0
0.0,0.0,0.0,0.0,0.0,0.0,0.0,0.0,0.0,0.0,0.0,0.0,0.0,0.0,0.0,0.0,0.0,0.0,0.0,0.0,0.0,0.0,0.0,0.0,2.17,0.0,0.0,0.0,0.0,0.0,0.0,0.0,0.0,0.0,2.17,0.0,0.0,0.0,0.0,0.0,0.0,0.0,0.0,0.0,0.0,0.0,0.0,0.0,0.0,0.682,0.0,0.0,0.0,0.0,4.208,15,101,0
0.0,0.0,0.0,0.0,0.0,0.0,0.0,0.0,0.0,0.0,0.0,1.88,0.0,0.0,0.0,0.0,0.0,0.0,1.88,0.0,0.0,0.0,0.0,0.0,0.0,0.0,0.0,0.0,0.0,0.0,0.0,0.0,0.0,0.0,0.0,0.0,0.0,0.0,0.0,0.0,0.0,0.0,0.0,0.0,0.0,0.0,0.0,0.0,0.0,0.33,0.0,0.33,0.0,0.0,1.769,4,23,0
0.0,0.0,0.0,0.0,0.0,0.0,0.0,0.0,0.0,0.0,0.0,0.0,0.0,0.0,0.0,0.0,0.0,0.0,6.75,0.0,1.35,0.0,0.0,0.0,0.0,0.0,0.0,0.0,0.0,0.0,0.0,0.0,0.0,0.0,0.0,0.0,0.0,0.0,0.0,0.0,0.0,0.0,0.0,0.0,1.35,0.0,0.0,0.0,0.0,0.0,0.0,0.0,0.0,0.0,1.913,6,44,0
0.0,0.0,0.0,0.0,0.0,0.0,0.0,0.0,0.0,0.0,0.0,0.0,0.0,0.0,0.0,0.0,0.0,0.0,7.69,0.0,0.0,0.0,0.0,0.0,0.0,0.0,0.0,0.0,0.0,0.0,0.0,0.0,0.0,0.0,0.0,0.0,0.0,0.0,0.0,0.0,0.0,0.0,0.0,0.0,0.0,0.0,0.0,0.0,0.0,0.0,0.0,0.653,0.0,0.0,1.666,5,10,0
0.0,0.0,0.0,0.0,0.0,0.0,0.0,0.0,0.0,0.0,0.0,1.61,0.0,0.0,0.0,0.0,0.0,0.0,0.53,0.0,0.0,0.0,0.0,0.0,1.61,0.53,0.0,0.0,0.53,0.0,0.0,0.0,0.0,0.0,0.0,0.53,0.0,0.0,0.0,0.0,0.0,0.53,0.0,1.07,0.0,0.0,0.0,0.53,0.0,0.0,0.0,0.0,0.0,0.0,1.375,5,99,0
0.0,0.0,0.0,0.0,0.0,0.0,0.0,0.0,0.0,0.0,0.0,0.0,0.0,0.0,0.0,0.0,0.0,0.0,0.0,0.0,0.0,0.0,0.0,0.0,0.0,0.0,0.0,0.0,0.0,0.0,0.0,0.0,0.0,0.0,0.08,0.0,0.0,0.0,0.0,0.0,0.0,0.0,0.0,0.0,0.08,0.0,0.0,0.0,0.0,2.263,0.0,0.0,0.0,0.0,3.149,9,1310,0
0.04,0.09,0.31,0.0,0.04,0.22,0.04,0.0,0.0,0.58,0.09,1.17,0.0,0.0,0.0,0.13,0.04,0.0,1.3,0.0,1.17,0.0,0.04,0.0,0.9,0.54,0.0,0.04,0.0,0.18,0.18,0.0,0.0,0.0,0.18,0.04,0.31,0.0,0.22,0.0,0.04,0.0,0.0,0.0,0.13,0.04,0.0,0.09,0.013,0.224,0.0,0.027,0.006,0.0,1.784,29,1192,0
0.0,0.26,0.78,0.0,0.26,0.26,0.08,1.04,0.52,1.56,0.26,0.69,0.17,0.08,0.69,0.86,0.34,0.0,1.82,0.17,1.3,0.0,0.08,0.34,0.0,0.0,0.0,0.0,0.0,0.0,0.0,0.0,0.08,0.0,0.0,0.08,0.0,0.0,0.0,0.0,0.0,0.0,0.0,0.0,0.08,0.08,0.0,0.0,0.096,0.234,0.0,0.358,0.261,0.11,3.56,54,979,1
1.04,0.0,0.69,0.0,1.04,0.0,0.69,0.0,0.0,0.69,0.0,0.69,0.0,0.0,0.34,0.69,0.0,0.0,5.9,0.0,1.38,0.0,0.34,0.34,0.0,0.0,0.0,0.0,0.0,0.0,0.0,0.0,0.0,0.0,0.0,0.0,0.0,0.0,0.0,0.0,0.0,0.0,0.0,0.0,0.34,0.0,0.0,0.0,0.0,0.0,0.0,0.379,0.063,0.0,2.042,12,96,1
0.0,0.0,2.94,0.0,0.0,0.0,0.0,0.0,0.0,0.0,0.0,0.0,0.0,0.0,0.0,0.0,0.0,0.0,2.94,0.0,0.0,0.0,0.0,0.0,0.0,0.0,0.0,0.0,0.0,0.0,0.0,0.0,0.0,0.0,0.0,0.0,0.0,0.0,0.0,0.0,0.0,0.0,0.0,0.0,0.0,0.0,0.0,0.0,0.0,0.0,0.0,0.505,0.0,0.0,2.375,4,19,0
0.0,0.0,0.0,0.0,0.0,0.0,0.0,0.0,0.0,0.0,0.0,0.0,0.0,0.0,0.0,0.0,0.0,0.0,0.0,0.0,0.0,0.0,0.0,0.0,0.0,0.0,0.0,0.0,0.0,0.0,0.0,0.0,0.0,0.0,0.0,0.0,0.0,0.0,0.0,0.0,0.0,0.0,0.0,0.0,0.0,0.0,0.0,0.0,0.0,0.041,0.0,0.0,0.0,0.0,1.938,33,95,1
0.0,0.17,0.0,0.0,0.34,0.34,0.0,0.0,0.0,0.17,0.0,0.0,0.17,0.0,0.0,0.17,0.17,0.0,0.17,0.0,0.0,0.0,0.0,0.0,0.0,0.0,0.0,0.0,0.0,0.0,0.0,0.0,0.0,0.0,0.0,0.0,0.0,0.0,0.0,0.0,0.0,0.0,0.0,0.0,0.34,0.0,0.0,0.0,0.0,0.054,0.0,0.0,0.027,0.0,2.073,11,170,1
0.0,0.0,0.0,0.0,0.69,0.0,0.0,0.0,0.0,0.0,0.0,1.38,0.0,0.0,0.0,0.0,0.0,0.0,0.69,0.0,0.69,0.0,0.0,0.0,1.38,0.0,0.0,0.0,0.0,0.0,0.0,0.0,0.0,0.0,0.0,1.38,0.0,0.0,0.0,0.0,0.0,0.0,0.0,0.0,0.0,0.0,0.0,0.0,0.0,0.0,0.0,0.0,0.08,0.0,2.488,15,112,0
0.19,0.0,0.39,0.0,1.24,0.13,0.0,0.06,0.32,0.0,0.0,0.45,0.26,0.0,0.0,0.0,0.13,0.0,1.24,0.0,0.39,0.0,0.06,0.0,1.04,0.0,0.0,0.0,0.0,0.0,0.0,0.0,0.0,0.0,0.0,0.06,0.0,0.0,0.0,0.0,0.0,0.0,0.0,0.0,0.39,0.0,0.0,0.0,0.0,0.03,0.0,0.0,0.03,0.0,1.571,42,297,0
0.0,0.0,0.29,0.0,0.29,0.0,0.0,0.0,0.29,0.0,0.0,0.29,0.0,1.19,0.0,0.0,0.29,0.0,0.29,0.0,0.29,0.0,0.0,0.0,0.0,0.0,0.0,0.29,0.0,0.0,0.29,0.0,0.0,0.0,0.29,0.0,0.29,0.0,0.0,0.0,0.0,0.89,0.0,0.0,0.0,0.0,0.0,0.0,0.0,0.156,0.031,0.376,0.0,0.125,3.338,157,611,0
0.0,0.0,0.0,0.0,0.0,0.0,0.0,0.0,0.0,3.57,0.0,1.78,0.0,0.0,0.0,0.0,0.0,0.0,1.78,0.0,0.0,0.0,0.0,0.0,0.0,0.0,0.0,0.0,0.0,0.0,0.0,0.0,0.0,0.0,0.0,0.0,0.0,0.0,0.0,0.0,0.0,0.0,0.0,0.0,0.0,0.0,0.0,0.0,0.252,0.0,0.0,0.757,0.0,0.0,4.157,13,79,1
0.0,0.0,0.15,0.0,0.15,0.0,0.0,0.0,0.0,0.0,0.0,0.0,0.0,0.0,0.0,0.0,0.0,0.0,2.56,2.26,2.11,4.07,0.15,0.0,0.0,0.0,0.0,0.0,0.0,0.0,0.0,0.0,0.0,0.0,0.0,0.0,0.0,0.0,0.0,0.0,0.0,0.0,0.0,0.0,0.15,0.0,0.0,0.0,0.0,0.051,0.0,0.255,0.076,0.46,6.3,37,1216,1
0.0,0.36,0.0,0.0,0.0,0.36,1.47,0.0,0.0,0.36,0.36,0.73,0.0,0.0,0.0,0.36,0.0,1.1,2.2,0.0,0.73,0.0,0.36,0.0,0.0,0.0,0.0,0.0,0.0,0.0,0.0,0.0,0.0,0.0,0.0,0.0,0.0,0.0,0.0,0.0,0.0,0.0,0.0,0.0,0.0,0.0,0.0,0.0,0.0,0.183,0.0,0.367,0.061,0.122,4.0,36,264,1
0.0,0.22,0.33,0.0,0.22,0.11,0.0,0.0,0.0,0.0,0.11,0.44,0.0,0.0,0.0,0.0,0.0,0.0,0.44,0.0,0.11,0.11,0.0,0.0,0.11,0.11,0.0,0.0,0.0,0.0,0.0,0.0,0.11,0.0,0.0,0.0,0.0,0.0,0.11,0.0,0.0,0.0,0.0,0.0,0.66,0.0,0.0,0.0,0.019,0.253,0.0,0.0,0.0,0.0,2.068,11,395,0
0.0,14.28,0.0,0.0,0.0,0.0,0.0,0.0,0.0,0.0,0.0,0.0,0.0,0.0,0.0,0.0,0.0,0.0,0.0,0.0,0.0,0.0,0.0,0.0,0.0,0.0,0.0,0.0,0.0,0.0,0.0,0.0,0.0,0.0,0.0,0.0,0.0,0.0,0.0,0.0,0.0,0.0,0.0,0.0,0.0,0.0,0.0,0.0,0.0,0.0,0.0,0.0,0.0,0.0,1.8,5,9,0
0.0,0.0,1.96,0.0,0.0,0.0,0.0,0.0,0.0,0.0,0.0,0.0,0.0,0.0,0.0,0.0,0.0,1.96,0.0,0.0,0.0,0.0,0.0,0.0,3.92,1.96,0.0,3.92,0.0,1.96,0.0,0.0,0.0,0.0,0.0,0.0,0.0,0.0,0.0,0.0,0.0,0.0,0.0,0.0,0.0,0.0,0.0,0.0,0.0,0.475,0.0,0.0,0.0,0.0,2.95,11,59,0
0.0,0.11,0.0,0.0,0.11,0.22,0.0,0.11,0.0,0.0,0.0,1.32,0.0,0.0,0.0,0.0,0.0,0.0,0.22,0.0,0.0,0.0,0.0,0.0,0.99,0.0,0.0,0.0,0.0,0.22,0.0,0.0,0.11,0.0,0.11,0.44,0.0,0.0,0.0,0.0,0.0,0.0,0.0,0.11,0.0,0.0,0.0,0.0,0.0,0.047,0.0,0.0,0.031,0.0,1.614,12,339,0
0.0,0.0,0.3,0.0,0.3,0.91,0.0,0.3,0.0,0.0,0.0,0.3,0.3,0.0,0.0,0.3,0.3,0.3,2.12,0.0,3.03,0.0,0.0,0.3,0.0,0.0,0.0,0.0,0.0,0.0,0.0,0.0,0.0,0.0,0.0,0.0,0.0,0.0,0.0,0.0,0.0,0.0,0.0,0.0,0.3,0.0,0.0,0.0,0.0,0.211,0.0,0.0,0.211,0.052,1.752,11,184,1
0.0,0.0,0.0,0.0,0.0,0.0,0.0,0.0,0.0,0.0,0.0,0.0,0.0,0.0,0.0,0.0,0.0,0.0,0.0,0.0,0.0,0.0,0.0,0.0,11.11,0.0,11.11,0.0,0.0,0.0,0.0,0.0,0.0,0.0,0.0,0.0,0.0,0.0,0.0,0.0,0.0,0.0,0.0,0.0,0.0,0.0,0.0,0.0,0.0,0.0,0.0,0.0,0.0,0.0,1.0,1,5,0
0.0,0.0,0.76,0.0,0.76,0.0,0.5,0.5,0.0,1.01,0.0,0.25,1.52,0.0,0.76,0.0,0.0,1.52,2.03,0.0,1.52,0.0,0.76,0.0,0.0,0.0,0.0,0.0,0.0,0.0,0.0,0.0,0.0,0.0,0.0,0.0,0.0,0.0,0.0,0.5,0.0,0.0,0.0,0.0,0.0,0.0,0.0,0.0,0.0,0.074,0.0,0.412,0.412,0.0,2.441,19,249,1
0.0,2.01,0.0,0.0,0.0,0.0,0.0,0.0,0.0,2.68,0.0,0.67,0.0,0.0,0.0,0.0,0.0,0.0,4.02,0.0,3.35,0.0,0.0,0.0,0.0,0.0,0.0,0.0,0.0,0.0,0.0,0.0,0.0,0.0,0.0,0.0,0.67,0.0,0.0,0.0,0.0,0.0,0.0,0.0,0.0,2.01,0.0,0.0,0.112,0.112,0.0,0.112,0.0,0.0,2.484,15,82,0
0.0,0.0,0.0,0.0,0.0,0.0,0.0,0.0,0.0,18.18,0.0,0.0,0.0,0.0,0.0,0.0,0.0,0.0,0.0,0.0,0.0,0.0,0.0,0.0,0.0,0.0,0.0,0.0,0.0,0.0,0.0,0.0,0.0,0.0,0.0,0.0,0.0,0.0,0.0,0.0,0.0,0.0,0.0,0.0,0.0,0.0,0.0,0.0,0.0,0.0,0.0,0.0,0.0,0.0,20.0,39,40,0
0.0,0.0,0.0,0.0,0.0,0.0,0.0,2.2,0.0,0.0,1.47,0.73,0.0,0.0,0.0,2.94,0.0,0.0,5.14,0.0,0.73,0.0,0.0,0.0,0.0,0.0,0.0,0.0,0.0,0.0,0.0,0.0,0.0,0.0,0.0,0.0,0.0,0.0,0.0,0.0,0.0,0.0,0.0,0.0,0.0,0.0,0.0,0.0,0.0,0.0,0.0,0.0,0.0,0.0,1.6,8,48,1
0.0,0.0,0.57,0.0,0.85,0.0,0.0,0.0,0.28,0.0,0.57,0.28,0.0,0.0,0.0,0.85,0.0,0.57,1.42,0.0,0.85,0.0,0.0,0.0,0.0,0.0,0.0,0.0,0.0,0.0,0.0,0.0,0.0,0.0,0.0,0.0,0.0,0.0,0.0,0.0,0.0,0.0,0.0,0.0,0.0,0.0,0.0,0.0,0.08,0.0,0.0,0.282,0.242,0.0,2.46,26,278,0
0.64,0.0,0.64,0.0,1.29,0.0,0.64,0.0,0.0,0.0,0.0,0.64,0.0,0.0,0.0,0.64,0.64,0.0,1.29,0.0,3.22,0.0,0.64,0.0,0.0,0.0,0.0,0.0,0.0,0.0,0.0,0.0,0.0,0.0,0.0,0.0,0.0,0.0,0.0,0.0,0.0,0.0,0.0,0.0,0.0,0.0,0.0,0.0,0.0,0.104,0.0,0.522,0.313,0.0,2.511,22,113,1
0.85,0.0,0.0,0.0,0.85,0.0,0.0,0.0,0.0,0.0,0.0,0.85,0.42,0.0,0.0,1.28,0.0,0.0,3.86,0.0,0.85,0.0,0.0,0.85,0.0,0.0,0.0,0.0,0.0,0.0,0.0,0.0,0.0,0.0,0.0,0.0,0.0,0.0,0.0,0.0,0.0,0.0,0.0,0.0,0.0,0.0,0.0,0.0,0.0,0.066,0.0,0.535,0.133,0.0,11.592,110,313,1
0.0,0.0,1.11,0.0,1.11,0.0,0.74,0.0,0.0,0.0,0.74,0.37,0.0,0.0,0.0,0.0,0.37,0.0,3.35,2.98,2.61,0.0,0.0,0.37,0.0,0.0,0.0,0.0,0.0,0.0,0.0,0.0,0.0,0.0,0.0,0.0,0.0,0.0,0.0,0.0,0.0,0.0,0.0,0.0,0.0,0.0,0.0,0.0,0.0,0.0,0.0,0.368,0.552,0.0,1.58,7,79,1
0.0,0.0,0.0,0.0,0.0,0.0,0.0,0.0,0.0,0.0,0.0,0.94,0.0,0.0,0.0,0.0,0.0,0.0,2.83,0.0,0.0,0.0,0.0,0.0,0.0,0.0,0.0,0.0,0.0,0.0,0.0,0.0,0.0,0.0,0.0,0.0,0.94,0.0,0.0,0.0,1.88,0.0,0.0,0.0,0.94,8.49,0.0,0.0,0.0,0.267,0.0,0.0,0.0,0.0,2.241,15,65,0
0.0,0.0,0.0,0.0,0.57,0.0,0.0,0.0,0.0,0.0,0.0,1.72,0.0,0.0,0.0,0.0,0.0,0.57,0.0,0.0,0.0,0.0,0.0,0.0,1.72,0.57,0.0,0.57,0.0,0.57,0.0,0.0,0.0,0.0,0.57,0.57,0.0,0.0,0.0,0.0,0.0,0.0,0.0,0.0,0.0,0.0,0.0,0.0,0.0,0.077,0.0,0.0,0.0,0.0,1.964,12,110,0
0.0,0.0,0.0,0.0,0.0,0.0,0.0,0.0,0.0,0.0,0.0,0.0,0.0,0.0,0.0,0.0,0.0,0.0,3.22,0.0,2.15,0.0,0.0,0.0,0.0,0.0,0.0,0.0,0.0,0.0,0.0,0.0,0.0,0.0,0.0,0.0,0.0,0.0,0.0,0.0,2.15,0.0,0.0,0.0,0.0,1.07,0.0,0.0,0.0,0.197,0.0,0.0,0.0,0.0,2.315,7,44,0
0.0,0.0,0.0,0.0,0.0,1.25,0.0,0.0,0.0,0.0,0.0,0.0,0.0,0.0,0.0,0.0,0.0,0.0,1.25,0.0,0.0,0.0,0.0,0.0,0.0,0.0,0.0,0.0,0.0,0.62,0.0,0.0,0.0,0.0,0.0,0.0,0.0,0.0,0.0,0.0,0.0,0.0,0.0,0.0,0.0,0.0,0.0,0.0,0.0,0.098,0.0,0.392,0.0,0.0,3.965,67,115,1
0.0,0.0,2.12,0.0,1.06,0.0,0.0,0.0,0.0,1.06,0.0,1.06,0.0,0.0,0.0,0.0,0.0,0.0,4.25,0.0,0.0,0.0,0.0,0.0,0.0,0.0,1.06,0.0,0.0,0.0,0.0,0.0,0.0,0.0,0.0,0.0,0.0,0.0,0.0,0.0,0.0,0.0,0.0,0.0,1.06,0.0,0.0,0.0,0.0,0.0,0.0,0.0,0.0,0.0,1.785,6,25,0
0.0,0.0,0.0,0.0,0.0,0.0,0.0,0.0,0.0,0.0,0.0,0.0,0.48,0.0,0.0,0.0,0.0,0.0,0.0,0.0,0.0,0.0,0.0,0.0,0.48,1.93,0.0,0.0,0.48,0.0,0.0,0.0,0.0,0.0,0.0,0.0,1.44,0.0,0.0,0.0,0.0,0.0,0.0,1.44,0.0,0.0,0.0,0.0,0.0,0.304,0.0,0.0,0.365,0.0,3.016,10,187,0
0.0,0.0,0.0,0.0,0.0,0.0,0.0,0.0,0.0,0.0,0.0,1.23,0.0,0.0,0.0,0.0,0.0,0.0,3.7,0.0,0.0,0.0,0.0,0.0,0.0,0.0,0.0,0.0,0.0,0.0,0.0,0.0,0.0,0.0,0.0,0.0,0.0,0.0,0.0,0.0,0.0,1.23,0.0,0.0,1.23,0.0,0.0,0.0,0.0,0.404,0.0,0.0,0.0,0.0,1.187,4,19,0
0.0,0.0,0.0,0.0,0.0,0.0,1.47,0.0,0.0,1.47,0.0,1.47,0.0,0.0,0.0,0.0,0.0,0.0,5.88,0.0,1.47,0.0,0.0,0.0,0.0,0.0,0.0,0.0,0.0,0.0,0.0,0.0,0.0,0.0,0.0,0.0,0.0,0.0,0.0,0.0,0.0,0.0,0.0,0.0,0.0,0.0,0.0,0.0,0.0,0.0,0.0,0.5,0.0,0.0,1.214,3,17,1
2.27,0.0,0.0,0.0,0.0,0.0,0.0,0.0,0.0,2.27,0.0,0.0,0.0,0.0,0.0,0.0,0.0,0.0,2.27,0.0,0.0,0.0,0.0,0.0,0.0,0.0,0.0,0.0,0.0,0.0,0.0,0.0,0.0,0.0,0.0,0.0,0.0,0.0,2.27,0.0,0.0,0.0,0.0,0.0,2.27,0.0,0.0,0.0,0.0,0.0,0.0,0.0,0.0,0.0,1.2,3,12,0
0.0,0.0,0.0,0.0,0.0,0.0,0.0,0.0,0.0,0.0,0.0,0.0,0.0,0.0,0.0,0.0,0.0,0.0,0.0,0.0,0.0,0.0,0.0,0.0,0.0,0.0,0.0,0.0,0.0,0.0,0.0,0.0,0.0,0.0,0.0,0.0,0.81,0.0,0.0,0.0,0.0,0.0,0.0,0.0,0.0,0.0,0.0,0.0,0.175,0.0,0.0,0.0,0.0,0.0,1.873,8,118,0
0.0,0.0,0.21,0.0,0.0,0.0,0.0,0.21,0.0,0.21,0.0,0.0,0.0,0.0,0.0,0.0,0.0,0.21,0.0,0.0,0.0,0.0,0.0,0.0,0.21,0.21,0.0,0.43,0.0,0.0,0.0,0.0,0.21,0.0,0.21,0.0,0.21,0.0,0.0,0.0,0.0,0.0,0.0,0.0,0.0,0.0,0.0,0.0,0.0,0.149,0.0,0.0,0.0,0.0,1.79,15,188,0
0.0,0.0,0.67,0.0,0.27,0.27,0.13,0.0,0.13,0.27,0.0,0.4,0.4,0.0,0.0,0.0,0.27,0.0,0.0,0.0,0.0,0.0,0.27,0.0,0.0,0.0,0.0,0.0,0.0,0.0,0.0,0.0,0.0,0.0,0.0,0.0,0.0,0.0,0.0,0.0,0.0,0.0,0.0,0.0,0.0,0.0,0.0,0.0,0.0,0.109,0.0,0.021,0.0,0.0,1.728,12,204,1
0.51,0.0,0.77,0.0,0.25,0.25,0.0,0.0,0.0,0.51,0.0,1.55,0.0,0.0,0.0,0.77,1.55,0.0,4.9,0.0,2.58,0.0,0.77,0.25,0.0,0.0,0.0,0.0,0.0,0.0,0.0,0.0,0.0,0.0,0.0,0.0,0.0,0.0,0.25,0.0,0.0,0.0,0.0,0.0,0.0,0.0,0.0,0.0,0.0,0.179,0.0,0.359,0.403,0.134,5.774,56,358,1
0.3,0.0,0.61,0.0,0.0,0.0,0.0,0.0,0.0,0.92,0.3,0.92,0.3,0.3,0.0,2.15,0.61,0.0,5.53,0.0,1.23,0.0,0.0,0.3,0.0,0.0,0.0,0.0,0.0,0.0,0.0,0.0,0.0,0.3,0.0,0.0,0.0,0.0,0.0,0.0,0.0,0.0,0.0,0.0,0.3,0.0,0.0,0.0,0.0,0.1,0.0,1.053,0.351,0.25,3.884,66,303,1
0.0,0.0,0.0,0.0,0.0,0.0,0.0,0.0,0.0,0.0,0.0,0.0,0.0,0.0,0.0,0.0,0.0,0.0,4.44,0.0,0.0,0.0,0.0,0.0,0.0,0.0,0.0,0.0,0.0,0.0,0.0,0.0,0.0,0.0,0.0,0.0,0.0,0.0,0.0,0.0,0.0,0.0,0.0,0.0,0.0,0.0,0.0,0.0,0.0,0.0,0.0,1.385,0.0,0.0,20.0,169,180,1
0.0,0.0,0.0,0.0,0.0,0.0,0.0,0.0,0.0,0.0,0.0,4.08,0.0,0.0,0.0,0.0,0.0,0.0,0.0,0.0,0.0,0.0,0.0,0.0,0.0,0.0,0.0,0.0,0.0,0.0,0.0,0.0,4.08,0.0,0.0,0.0,0.0,0.0,0.0,0.0,0.0,0.0,0.0,0.0,0.0,0.0,0.0,0.0,0.0,0.0,0.0,0.333,0.0,0.0,1.666,4,25,0
0.59,0.0,0.35,0.0,1.66,0.0,0.0,0.0,0.23,1.3,0.71,2.49,0.59,0.0,0.0,0.59,0.11,0.0,4.51,0.0,1.66,0.0,0.47,0.83,0.0,0.0,0.0,0.0,0.0,0.0,0.0,0.0,0.0,0.0,0.23,0.0,0.0,0.0,0.0,0.11,0.0,0.0,0.0,0.0,0.11,0.0,0.0,0.0,0.0,0.038,0.0,0.155,0.233,0.019,3.625,54,504,1
0.0,0.0,0.0,0.0,0.0,0.0,0.0,0.0,0.0,4.54,0.0,4.54,0.0,0.0,0.0,0.0,0.0,0.0,0.0,0.0,0.0,0.0,0.0,0.0,0.0,0.0,0.0,1.51,0.0,0.0,0.0,0.0,0.0,0.0,1.51,0.0,0.0,0.0,0.0,0.0,0.0,0.0,0.0,0.0,0.0,0.0,0.0,0.0,0.0,0.286,0.0,0.0,0.0,0.0,2.277,12,41,0
0.0,0.0,0.0,0.0,0.0,0.0,0.0,0.0,0.0,0.0,0.0,0.0,0.0,0.0,0.0,0.0,0.0,0.0,0.0,0.0,0.0,0.0,0.0,0.0,16.66,0.0,0.0,0.0,0.0,0.0,0.0,0.0,0.0,0.0,0.0,0.0,0.0,0.0,0.0,0.0,0.0,0.0,0.0,0.0,8.33,0.0,0.0,0.0,0.0,0.0,0.0,0.0,0.0,0.0,4.333,20,26,0
0.0,0.0,0.42,0.0,0.42,0.14,0.0,0.0,0.0,0.0,0.0,1.56,0.14,0.0,0.0,0.0,0.28,0.0,0.14,0.0,0.14,0.0,0.0,0.0,3.12,0.0,0.14,0.0,1.27,0.42,0.0,0.0,0.0,0.0,0.0,0.56,0.28,0.0,0.14,0.0,0.0,0.0,0.14,0.0,0.14,0.0,0.0,0.0,0.058,0.019,0.019,0.0,0.0,0.0,2.345,17,333,0
0.09,0.49,0.59,0.0,0.29,0.19,0.0,0.0,0.09,0.39,0.0,1.59,0.19,0.0,0.0,0.0,0.09,0.0,3.67,0.09,1.09,0.0,0.0,0.09,0.0,0.0,0.0,0.0,0.0,0.0,0.0,0.0,0.0,0.0,0.0,0.0,0.0,0.0,0.0,0.0,0.0,0.0,0.0,0.0,0.09,0.0,0.0,0.0,0.766,0.037,0.0,5.836,1.31,0.0,5.792,54,753,1
0.0,0.0,0.0,0.0,0.0,0.0,0.0,0.0,0.0,0.0,0.0,0.0,0.0,0.0,0.0,0.0,0.0,0.0,3.38,0.0,1.69,0.0,0.0,0.0,1.69,1.69,1.69,0.0,0.0,0.0,0.0,0.0,0.0,0.0,0.0,0.0,0.0,0.0,1.69,0.0,0.0,0.0,0.0,0.0,1.69,0.0,0.0,0.0,0.0,0.315,0.0,0.0,0.63,0.0,3.083,12,37,0
0.2,0.0,0.1,0.0,0.0,0.1,0.2,0.0,0.0,0.0,0.0,0.72,0.0,0.0,0.0,0.1,0.2,0.1,4.17,0.0,1.35,0.0,0.52,0.41,0.0,0.0,0.0,0.0,0.0,0.0,0.0,0.0,0.0,0.0,0.0,0.0,0.0,0.0,0.0,0.0,0.0,0.0,0.0,0.0,0.0,0.0,0.0,0.0,0.0,0.057,0.0,0.095,0.0,0.0,2.717,24,318,1
0.0,0.0,0.0,0.0,0.0,0.0,0.0,0.0,0.0,0.0,0.0,0.0,0.0,2.94,0.0,0.0,0.0,0.0,2.94,0.0,2.94,0.0,0.0,0.0,0.0,0.0,2.94,0.0,0.0,0.0,0.0,0.0,0.0,0.0,0.0,0.0,0.0,0.0,0.0,0.0,0.0,0.0,0.0,0.0,2.94,0.0,0.0,0.0,0.0,0.0,0.0,0.0,0.0,0.0,1.0,1,10,0
0.0,0.0,0.79,0.0,0.0,0.0,0.0,0.0,0.0,0.0,0.0,0.39,0.0,0.0,0.0,0.0,0.0,0.39,3.18,0.0,0.0,0.0,0.0,0.0,0.0,0.0,0.0,0.0,0.0,0.0,0.0,0.0,0.0,0.0,0.0,0.0,0.39,0.0,0.0,0.0,0.39,0.0,0.0,0.0,0.39,0.39,0.0,0.0,0.0,0.237,0.0,0.0,0.0,0.059,2.51,12,123,0
0.0,0.0,0.0,0.0,0.0,0.8,0.0,0.0,0.0,0.0,0.0,0.0,0.0,0.0,0.0,0.0,0.0,0.0,2.4,0.0,0.0,12.8,0.0,0.0,0.0,0.0,0.0,0.0,0.0,0.0,0.0,0.0,0.0,0.0,0.0,0.0,0.0,0.0,0.0,0.0,0.0,0.0,0.0,0.0,0.0,0.0,0.0,0.0,0.0,0.0,0.0,0.709,0.0,1.56,7.82,39,305,1
0.0,14.28,0.0,0.0,0.0,0.0,0.0,0.0,0.0,0.0,0.0,0.0,0.0,0.0,0.0,0.0,0.0,0.0,0.0,0.0,0.0,0.0,0.0,0.0,0.0,0.0,0.0,0.0,0.0,0.0,0.0,0.0,0.0,0.0,0.0,0.0,0.0,0.0,0.0,0.0,0.0,0.0,0.0,0.0,0.0,0.0,0.0,0.0,0.0,0.0,0.0,0.0,0.0,0.0,1.8,5,9,0
0.0,0.0,0.0,0.0,0.0,0.0,0.0,0.0,0.0,0.0,0.0,0.0,0.0,0.0,0.0,0.0,0.0,0.0,8.1,0.0,0.0,0.0,0.0,0.0,0.0,0.0,0.0,0.0,0.0,0.0,0.0,0.0,0.0,0.0,0.0,0.0,0.0,0.0,0.0,0.0,0.0,0.0,0.0,0.0,2.7,0.0,0.0,0.0,0.0,0.0,0.0,0.0,0.0,0.0,1.8,5,9,0
0.0,0.0,0.51,0.0,1.54,0.0,0.0,0.0,0.25,0.0,0.0,1.28,0.0,0.0,0.0,0.0,0.0,0.0,0.0,0.0,0.0,0.0,0.0,0.0,0.77,0.25,0.0,0.0,1.03,1.8,0.0,0.0,0.0,0.0,0.0,0.0,0.25,0.25,0.0,0.0,0.0,0.0,0.0,0.0,0.25,0.0,0.0,0.0,0.0,0.039,0.0,0.0,0.0,0.0,1.767,7,99,0
0.0,0.0,3.57,0.0,0.0,0.0,0.0,0.0,0.0,0.0,0.0,0.0,0.0,0.0,0.0,0.0,0.0,0.0,0.0,0.0,0.0,0.0,0.0,0.0,0.0,0.0,0.0,0.0,0.0,0.0,0.0,0.0,0.0,0.0,0.0,0.0,0.0,0.0,0.0,0.0,0.0,0.0,0.0,0.0,0.0,0.0,0.0,0.0,0.0,0.74,0.0,0.74,0.0,0.0,2.166,7,26,0
0.0,0.0,0.71,0.0,0.0,0.0,0.0,0.0,0.0,0.0,0.0,0.71,0.71,0.0,0.0,0.0,0.0,0.0,0.71,0.0,0.0,0.0,0.0,0.0,0.0,0.0,0.0,0.0,0.0,0.0,0.0,0.0,0.0,0.0,0.0,0.0,0.0,0.0,0.0,0.0,0.0,0.0,0.0,0.0,0.0,0.0,0.0,0.0,0.0,0.121,0.0,0.243,0.0,0.0,1.0,1,31,0
0.0,0.0,0.0,0.0,0.0,0.0,0.0,0.0,0.0,0.0,0.0,0.0,0.0,0.0,0.0,0.0,0.0,0.0,0.98,0.0,1.96,0.0,0.0,0.0,0.0,0.0,0.0,0.0,0.0,0.0,0.0,0.0,0.98,0.0,0.0,0.0,0.0,0.0,0.0,0.0,0.0,0.0,0.0,1.96,0.0,0.98,0.0,0.0,0.0,0.0,0.0,0.0,0.0,0.0,2.0,13,42,0
0.0,0.47,0.0,0.0,0.94,0.0,0.94,0.0,0.0,0.0,0.0,0.47,0.47,0.0,0.47,0.0,0.0,0.0,1.89,0.0,0.47,0.0,0.0,0.0,0.0,0.0,0.0,0.0,0.0,0.0,0.0,0.0,0.0,0.0,0.0,1.42,0.0,0.0,0.0,0.0,0.0,0.0,0.0,0.0,0.0,0.0,0.0,0.0,0.0,0.074,0.074,0.0,0.0,0.0,2.125,11,102,1
0.26,0.0,0.26,0.0,0.52,0.0,0.0,0.0,0.0,0.26,0.0,0.26,0.0,0.0,0.0,0.26,0.0,0.0,1.31,0.0,0.52,0.0,0.0,0.0,0.0,0.0,0.0,0.0,0.0,0.0,0.0,0.0,0.0,0.0,0.0,0.0,0.52,0.0,0.0,0.0,0.0,0.0,0.0,0.0,0.0,0.0,0.0,0.0,0.0,0.0,0.0,0.038,0.0,0.038,1.541,12,202,0
0.26,0.72,0.85,0.0,0.0,0.19,0.06,0.33,0.72,0.46,0.72,0.79,0.19,1.05,0.06,0.59,0.19,0.33,3.5,0.06,1.52,0.0,0.06,0.06,0.0,0.0,0.0,0.0,0.0,0.0,0.0,0.0,0.0,0.0,0.0,0.0,0.0,0.0,0.0,0.06,0.0,0.0,0.0,0.0,0.06,0.0,0.0,0.0,0.0,0.131,0.0,0.101,0.101,0.202,4.398,79,1280,1
0.07,0.0,0.15,0.0,0.07,0.15,0.0,0.07,0.07,0.0,0.0,0.46,0.0,0.0,0.0,0.0,0.15,0.0,0.15,0.0,0.07,0.0,0.0,0.07,0.0,0.0,0.0,0.0,0.0,0.0,0.0,0.0,0.0,0.0,0.0,0.0,0.15,0.0,0.0,0.07,0.0,0.0,0.07,0.0,0.0,0.0,0.0,0.0,0.011,0.047,0.0,0.0,0.023,0.0,1.263,10,264,1
0.09,0.0,0.48,0.0,0.0,0.29,0.0,0.0,0.0,0.09,0.0,0.0,0.19,0.0,0.0,0.09,0.19,0.58,1.35,0.0,0.38,0.0,0.0,0.0,0.0,0.0,0.0,0.0,0.0,0.0,0.0,0.0,0.0,0.0,0.0,0.0,0.0,0.0,0.0,0.0,0.0,0.0,0.0,0.0,0.38,3.1,0.0,0.0,0.015,0.03,0.0,0.0,0.046,0.0,1.722,17,267,0
0.0,0.0,0.0,0.0,0.0,0.61,0.0,0.0,0.0,0.0,0.0,0.61,0.0,0.0,0.0,0.0,0.0,0.0,1.85,0.0,0.0,0.0,0.0,0.0,0.0,0.0,0.0,0.0,0.0,0.0,0.0,0.0,0.0,0.0,0.0,0.0,0.0,0.0,0.0,0.0,0.0,0.0,0.0,0.0,0.61,0.0,0.0,0.0,0.0,0.0,0.0,0.0,0.0,0.0,1.0,1,35,0
0.0,0.28,0.0,0.0,1.4,0.0,0.28,0.28,0.0,0.56,0.0,0.84,0.0,0.0,0.0,0.28,0.0,0.0,1.68,0.0,1.96,0.0,0.0,0.0,0.0,0.0,0.0,0.0,0.0,0.0,0.0,0.0,1.4,0.0,0.0,0.0,0.0,0.28,0.0,0.0,0.0,0.0,0.0,0.28,0.28,0.0,0.0,0.0,0.0,0.137,0.068,0.034,0.0,0.0,5.635,114,603,1
0.0,0.0,0.76,0.0,0.38,0.0,0.76,0.0,0.0,0.0,0.0,0.38,0.0,0.0,0.0,0.0,0.0,0.76,1.52,0.0,0.76,0.0,0.0,0.0,0.0,0.0,0.0,0.0,0.0,0.0,0.0,0.0,0.0,0.0,0.0,0.0,0.0,0.0,0.0,0.0,0.0,0.0,0.0,0.0,0.0,0.0,0.0,0.0,0.0,0.0,0.0,0.0,0.177,0.059,3.836,79,211,1
0.0,0.0,0.0,0.0,0.0,0.0,0.0,0.0,0.0,0.0,0.0,0.0,0.0,0.0,0.0,0.0,0.0,0.0,0.0,0.0,0.0,0.0,0.0,0.0,0.0,0.0,0.0,0.0,0.0,0.0,0.0,0.0,0.0,0.0,0.0,0.0,0.0,0.0,0.0,0.0,0.0,0.0,0.0,0.0,0.0,0.0,0.0,0.0,0.0,0.0,0.0,0.0,0.0,0.0,1.0,1,2,0
0.0,0.0,2.27,0.0,0.0,0.0,0.0,0.0,0.0,0.0,0.0,0.0,0.0,0.0,0.0,0.0,0.0,0.0,2.27,0.0,0.0,0.0,0.0,0.0,0.0,0.0,0.0,0.0,0.0,0.0,0.0,0.0,0.0,0.0,0.0,0.0,0.0,0.0,0.0,0.0,0.0,0.0,0.0,0.0,2.27,0.0,0.0,0.0,0.0,0.404,0.0,0.404,0.0,0.0,2.076,15,27,0
0.0,0.0,0.26,0.0,0.0,0.0,0.0,0.0,0.0,0.0,0.26,0.0,0.0,0.0,0.0,0.0,0.0,0.26,0.0,0.0,0.0,0.0,0.0,0.0,0.26,0.0,0.0,0.0,0.0,0.0,0.0,0.0,0.0,0.0,0.0,0.0,0.53,0.0,0.0,0.0,0.0,1.06,0.0,0.26,0.0,2.4,0.0,0.0,0.036,0.109,0.0,0.0,0.036,0.0,1.632,11,307,0
0.0,0.0,0.0,0.0,0.93,0.0,0.0,0.0,0.0,0.93,0.0,0.46,0.0,0.0,0.0,0.0,0.0,0.0,1.4,0.0,0.0,0.0,0.0,0.0,4.22,1.87,0.93,0.46,0.93,0.46,0.46,0.46,0.0,0.46,0.46,0.46,0.46,0.0,0.0,0.46,0.0,0.0,0.46,0.0,0.93,0.0,0.0,0.0,0.0,0.2,0.066,0.0,0.0,0.0,5.593,42,330,0
0.0,0.0,0.4,0.0,0.4,0.0,0.4,0.0,0.0,0.0,0.0,0.0,0.4,0.0,0.0,0.0,0.0,0.0,2.04,0.0,0.4,0.0,0.0,0.0,0.0,0.0,0.0,0.0,0.0,0.0,0.0,0.0,0.0,0.0,0.0,0.0,0.0,0.0,0.0,0.0,0.0,0.0,0.0,0.0,0.4,0.0,0.0,0.0,0.0,0.0,0.0,0.11,0.0,0.0,1.594,11,118,1
0.0,0.0,0.0,0.0,0.0,0.0,0.0,0.0,0.0,2.17,0.0,0.0,0.0,0.0,0.0,0.0,0.0,0.0,0.0,0.0,0.0,0.0,0.0,0.0,13.04,0.0,0.0,0.0,0.0,4.34,0.0,0.0,0.0,0.0,0.0,0.0,0.0,0.0,0.0,0.0,0.0,0.0,0.0,0.0,0.0,0.0,0.0,0.0,0.0,0.0,0.0,0.0,0.0,6.896,2.142,8,60,0
0.18,0.14,0.25,0.0,0.0,0.0,0.0,0.07,0.0,0.14,0.03,0.77,0.07,0.03,0.0,0.0,0.03,0.18,0.11,0.0,0.25,0.07,0.0,0.0,0.0,0.0,0.0,0.0,0.03,0.11,0.0,0.0,0.03,0.0,0.0,0.37,0.62,0.0,0.0,0.0,0.18,0.0,0.03,0.0,0.0,0.22,0.0,0.18,0.019,0.414,0.0,0.004,0.0,0.0,2.393,40,1795,0
0.0,0.0,0.74,0.0,0.0,0.0,0.74,0.0,0.0,0.0,0.0,0.0,0.0,0.0,0.0,2.22,0.0,0.0,1.48,0.0,1.48,0.0,0.0,0.0,0.0,0.0,0.0,0.0,0.0,0.0,0.0,0.0,0.0,0.0,0.0,0.0,0.0,0.0,0.74,0.0,0.0,0.0,0.0,0.0,0.0,0.0,0.0,0.0,0.0,0.0,0.0,0.088,0.0,0.0,3.048,29,125,1
0.0,0.56,0.56,0.0,2.27,0.0,0.56,0.0,0.0,0.0,0.0,0.56,0.56,0.0,0.0,0.56,3.4,0.0,3.97,0.0,1.7,0.0,0.0,0.0,0.0,0.0,0.0,0.0,0.0,0.0,0.0,0.0,0.0,0.0,0.0,0.0,0.0,0.0,0.0,0.0,0.0,0.0,0.0,0.0,0.0,0.0,0.0,0.0,0.0,0.262,0.0,1.135,0.349,0.0,5.105,140,194,1
0.0,0.55,0.55,0.0,1.1,0.55,2.2,0.0,0.0,0.55,0.0,0.55,0.0,0.0,0.0,0.0,0.0,0.55,3.31,0.0,1.1,0.0,0.0,0.0,0.0,0.0,0.0,0.0,0.0,0.0,0.0,0.0,0.0,0.0,0.0,0.0,0.0,0.0,0.0,0.0,0.0,0.0,0.0,0.0,0.55,0.0,0.0,0.0,0.0,0.165,0.0,0.496,0.0,0.082,16.782,148,386,1
0.1,0.1,0.7,0.0,0.6,0.2,0.4,0.1,1.41,0.8,0.1,0.5,0.0,0.0,0.0,0.1,0.0,1.11,2.22,0.4,1.92,0.0,0.0,0.3,0.0,0.0,0.0,0.0,0.0,0.0,0.0,0.0,0.0,0.0,0.1,0.0,0.0,0.0,0.1,0.0,0.0,0.0,0.0,0.0,0.0,0.0,0.0,0.0,0.0,0.0,0.26,0.991,0.39,0.032,3.173,56,1044,1
0.0,0.0,0.0,0.0,0.0,0.0,0.0,0.0,0.0,5.26,0.0,0.0,0.0,0.0,0.0,0.0,0.0,0.0,5.26,0.0,0.0,0.0,0.0,0.0,0.0,0.0,0.0,0.0,0.0,0.0,0.0,0.0,0.0,0.0,0.0,0.0,0.0,0.0,0.0,0.0,0.0,0.0,0.0,0.0,0.0,0.0,0.0,0.0,0.0,0.0,0.0,0.0,0.0,0.0,1.666,3,5,0
0.62,0.0,0.0,0.0,1.24,0.0,0.62,0.0,0.0,0.0,0.0,0.62,0.0,0.0,0.0,0.0,0.0,0.62,3.72,0.0,1.24,0.0,0.0,0.62,0.0,0.0,0.0,0.0,0.0,0.0,0.0,0.0,0.0,0.0,0.0,0.0,1.24,0.0,0.0,0.0,0.0,0.0,0.0,0.0,0.0,0.0,0.0,0.0,0.0,0.0,0.0,0.107,0.322,0.0,3.318,30,73,1
0.0,0.0,0.0,0.0,0.0,0.0,0.0,0.0,0.0,2.17,0.0,0.0,0.0,0.0,0.0,0.0,0.0,0.0,0.0,0.0,0.0,0.0,0.0,0.0,13.04,0.0,0.0,0.0,0.0,4.34,0.0,0.0,0.0,0.0,0.0,0.0,0.0,0.0,0.0,0.0,0.0,0.0,0.0,0.0,0.0,0.0,0.0,0.0,0.0,0.0,0.0,0.0,0.0,7.407,3.555,19,96,0
0.05,0.3,0.4,0.0,0.1,0.05,0.0,0.05,0.1,0.0,0.0,0.3,0.2,0.0,0.05,0.0,0.0,0.5,1.55,0.3,0.75,0.0,0.15,0.2,0.05,0.05,0.0,0.0,0.0,0.0,0.0,0.0,0.0,0.0,0.0,0.0,0.0,0.0,0.0,0.0,0.0,0.0,0.0,0.05,0.05,0.0,0.0,0.0,0.0,0.036,0.0,0.054,0.118,0.0,2.379,96,583,1
0.0,0.0,0.0,0.0,0.0,0.0,0.0,0.0,0.0,0.0,0.0,0.0,5.55,0.0,0.0,0.0,0.0,0.0,0.0,0.0,0.0,0.0,0.0,0.0,0.0,0.0,0.0,0.0,0.0,0.0,0.0,0.0,0.0,0.0,0.0,0.0,0.0,0.0,0.0,0.0,0.0,0.0,0.0,0.0,0.0,0.0,0.0,0.0,0.0,0.0,0.0,0.0,3.26,0.0,2.444,10,44,1
0.0,0.0,0.0,0.0,0.0,0.0,0.0,0.0,0.0,0.0,0.0,5.0,0.0,0.0,0.0,0.0,0.0,0.0,0.0,0.0,0.0,0.0,0.0,0.0,0.0,0.0,5.0,0.0,0.0,0.0,0.0,0.0,0.0,0.0,0.0,0.0,0.0,0.0,0.0,0.0,0.0,0.0,0.0,5.0,0.0,0.0,0.0,0.0,0.0,0.684,0.0,0.0,0.0,0.0,1.0,1,8,0
0.0,0.0,0.0,0.0,0.0,0.0,0.0,0.0,0.0,0.0,0.0,0.0,1.88,0.0,0.0,0.0,0.0,1.88,0.0,0.0,0.0,0.0,0.0,0.0,0.0,0.0,0.0,0.0,0.0,0.0,0.0,0.0,0.0,0.0,0.0,0.0,0.0,0.0,0.0,0.0,0.0,0.0,0.0,1.88,0.0,0.0,0.0,0.0,0.0,0.0,0.0,0.0,0.0,0.0,1.533,5,23,0
0.0,0.0,0.0,0.0,1.04,0.0,0.0,0.0,0.0,0.0,0.0,0.52,0.0,0.0,0.0,0.0,0.0,0.0,0.0,0.0,0.0,0.0,0.0,0.0,1.56,1.04,0.0,0.52,0.0,0.0,0.0,0.0,2.08,0.0,0.52,0.0,0.0,0.0,0.0,0.0,0.0,0.0,0.0,0.0,0.0,0.0,0.0,0.0,0.0,0.274,0.0,0.0,0.0,0.0,1.848,10,61,0
0.0,0.0,0.0,0.0,0.0,1.88,0.0,0.0,0.0,0.0,0.0,0.0,0.0,0.0,0.0,0.0,0.0,0.0,1.88,0.0,0.0,0.0,0.0,0.0,0.0,0.0,0.0,0.0,0.0,0.0,0.0,0.0,1.88,0.0,0.0,0.0,1.88,0.0,0.0,0.0,0.0,0.0,0.0,0.0,0.0,0.0,0.0,0.0,0.0,0.0,0.0,0.0,0.0,0.0,3.5,15,49,1
0.0,0.0,0.89,0.0,1.79,0.44,0.0,0.0,0.0,0.0,0.0,0.44,0.0,0.0,0.0,1.34,0.0,0.0,2.24,0.0,4.48,0.0,0.0,0.0,0.0,0.0,0.0,0.0,0.0,0.0,0.0,0.0,0.0,0.0,0.0,0.0,0.0,0.0,0.0,0.0,0.0,0.0,0.0,0.0,0.0,0.0,0.0,0.0,0.0,0.075,0.075,0.0,0.0,0.0,1.968,11,124,1
0.84,0.0,0.0,0.0,0.0,2.54,0.0,0.0,0.0,0.0,0.0,0.84,0.84,0.0,0.0,0.0,0.0,0.0,2.54,0.0,1.69,0.0,0.0,0.0,0.0,0.0,0.0,0.0,0.0,0.0,0.0,0.0,0.0,0.0,0.0,0.0,0.0,0.0,0.0,0.0,0.0,0.0,0.0,0.0,0.0,0.0,0.0,0.0,0.0,0.452,0.0,2.865,0.301,0.0,5.037,23,136,1
0.0,0.0,0.0,0.0,0.0,0.0,0.0,0.0,0.0,0.0,0.0,0.0,0.0,0.0,0.0,0.0,0.0,0.0,0.0,0.0,0.0,0.0,0.0,0.0,0.0,0.0,1.17,0.0,0.0,0.0,0.0,0.0,0.0,0.0,0.0,0.0,0.0,0.0,0.0,0.0,0.0,0.0,0.0,0.0,0.0,0.0,0.0,0.0,0.0,0.186,0.186,0.0,0.0,0.0,3.862,28,112,0
0.0,0.0,0.12,0.0,0.36,0.24,0.0,0.0,0.0,0.0,0.12,0.12,0.12,0.0,0.0,0.0,0.0,0.0,1.21,0.0,0.96,0.0,0.0,0.12,0.0,0.0,0.0,0.0,0.0,0.0,0.0,0.0,0.0,0.0,0.0,0.0,0.0,0.0,0.0,0.0,0.0,0.0,0.0,0.0,0.0,0.0,0.0,0.0,0.0,0.043,0.0,0.693,0.0,0.0,1.335,11,195,1
0.0,0.29,0.0,0.0,0.0,0.29,0.29,2.04,0.0,0.0,0.29,1.16,0.29,0.0,0.29,1.16,2.33,1.16,2.33,0.0,1.16,0.0,0.0,0.0,0.0,0.0,0.0,0.0,0.0,0.0,0.0,0.0,0.0,0.0,0.0,0.0,0.0,0.0,0.0,0.0,0.0,0.0,0.0,0.0,0.0,0.0,0.0,0.0,0.0,0.132,0.0,0.044,0.0,0.0,1.559,24,145,1
0.0,0.0,2.43,0.0,0.0,0.0,0.0,0.0,0.27,0.0,0.0,2.16,0.0,0.0,0.0,0.0,0.0,0.0,0.27,0.0,1.62,0.0,0.0,0.0,0.27,0.54,0.0,0.0,0.27,0.0,0.0,0.0,0.27,0.0,0.0,0.0,0.0,0.0,0.0,0.27,0.0,0.0,0.0,0.0,0.0,0.0,0.0,0.0,0.0,0.344,0.0,0.0,0.0,0.0,2.319,12,167,0
0.0,0.0,0.0,0.0,3.07,0.0,0.0,0.0,0.0,0.0,0.0,4.61,0.0,0.0,0.0,0.0,0.0,0.0,0.0,0.0,1.53,0.0,0.0,0.0,0.0,0.0,0.0,0.0,6.15,0.0,0.0,0.0,0.0,0.0,0.0,0.0,0.0,0.0,0.0,0.0,0.0,6.15,0.0,0.0,0.0,0.0,0.0,0.0,0.0,0.0,0.0,0.0,0.0,0.0,1.529,4,26,0
0.0,0.0,0.0,0.0,0.0,0.0,0.0,0.0,0.0,0.0,0.0,0.0,0.0,0.0,0.0,0.0,0.0,0.0,0.0,0.0,0.0,0.0,0.0,0.0,0.0,0.0,0.0,0.0,0.0,0.0,0.0,0.0,0.0,0.0,0.0,0.0,0.0,0.0,0.0,0.0,0.0,0.0,0.0,0.0,0.0,0.0,0.0,0.0,0.0,0.869,0.0,1.739,0.0,0.0,1.0,1,6,0
0.09,0.0,0.67,0.0,0.29,0.0,0.0,0.0,0.19,0.38,0.09,1.35,1.06,0.0,0.0,0.29,0.19,0.0,2.51,0.0,1.35,0.0,0.0,0.38,0.0,0.0,0.0,0.0,0.0,0.0,0.0,0.0,0.0,0.0,0.0,0.0,0.0,0.0,0.0,0.58,0.0,0.0,0.0,0.0,0.29,0.0,0.0,0.19,0.0,0.149,0.0,0.374,0.059,0.0,9.039,148,1148,1
0.0,0.0,0.0,0.0,0.0,0.0,0.0,0.0,0.0,0.0,0.0,0.0,0.0,0.0,0.0,0.0,0.0,0.0,4.65,0.0,0.0,0.0,0.0,0.0,0.0,0.0,0.0,0.0,0.0,0.0,0.0,0.0,0.0,0.0,0.0,0.0,0.0,0.0,0.0,0.0,0.0,0.0,0.0,0.0,0.0,2.32,0.0,0.0,0.0,0.0,0.0,0.0,0.763,0.0,2.181,6,24,0
0.7,0.0,0.7,0.0,0.0,0.0,0.0,0.0,0.0,0.0,0.0,0.0,0.0,0.0,0.0,0.0,0.0,0.0,2.83,0.0,0.0,0.0,0.0,0.0,0.0,0.0,0.0,0.0,0.0,0.0,0.0,0.0,0.0,0.0,0.0,0.0,0.0,0.0,0.0,0.0,0.0,0.0,0.0,0.0,1.41,1.41,0.0,0.0,0.0,0.0,0.0,0.105,0.0,0.0,2.342,47,89,0
0.09,0.18,0.36,0.0,0.09,0.0,0.09,0.0,0.55,0.27,0.09,0.83,0.36,0.0,0.0,0.0,0.0,0.09,3.69,0.55,1.56,0.0,0.0,0.36,0.0,0.0,0.0,0.0,0.0,0.0,0.0,0.0,0.0,0.0,0.0,0.09,0.0,0.0,0.0,0.0,0.0,0.0,0.0,0.0,0.09,0.0,0.0,0.0,0.0,0.056,0.0,0.341,0.085,0.0,7.273,103,1171,1
1.75,0.0,0.0,0.0,0.0,0.0,0.0,0.0,0.0,0.0,0.0,0.0,0.0,0.0,0.0,0.0,0.0,0.0,1.75,0.0,1.75,0.0,0.0,0.0,0.0,0.0,0.0,0.0,0.0,0.0,0.0,0.0,0.0,0.0,0.0,0.0,0.0,0.0,0.0,0.0,0.0,0.0,0.0,0.0,1.75,0.0,0.0,0.0,0.0,0.317,0.0,0.0,0.0,0.0,1.125,2,9,0
0.0,0.0,0.0,0.0,0.0,0.0,0.0,0.0,0.0,0.54,0.0,0.0,0.0,0.0,0.0,0.0,0.0,0.0,1.62,0.0,0.0,0.0,0.0,0.0,1.62,1.08,1.08,1.62,0.54,0.54,0.54,0.54,0.0,0.54,0.54,0.54,0.54,0.0,0.0,0.54,0.0,0.0,0.54,0.0,0.54,0.0,0.0,0.0,0.0,0.559,0.0,0.0,0.0,0.0,3.039,13,155,0
0.34,0.26,0.26,0.0,0.08,0.43,0.08,0.26,0.08,1.47,0.34,0.52,0.95,0.0,0.17,0.08,0.0,0.0,3.03,0.0,0.78,0.0,0.34,0.34,0.0,0.0,0.0,0.0,0.0,0.0,0.0,0.0,0.0,0.0,0.0,0.0,0.0,0.0,0.0,0.0,0.0,0.0,0.0,0.0,0.17,0.0,0.0,0.0,0.0,0.048,0.0,0.259,0.259,0.064,3.335,62,537,1
0.09,0.0,0.27,0.0,0.36,0.09,0.0,0.18,0.09,0.0,0.0,0.72,0.0,0.36,0.0,0.0,0.0,0.0,2.0,0.0,3.27,0.0,0.36,0.09,0.0,0.0,0.0,0.0,0.0,0.0,0.0,0.0,0.0,0.0,0.0,0.0,0.0,0.0,0.0,0.0,0.0,0.0,0.0,0.0,0.27,0.0,0.0,0.0,0.015,0.047,0.031,0.252,0.031,0.031,3.816,69,542,1
0.0,0.0,0.0,0.0,0.0,0.0,0.0,0.0,0.0,0.0,0.0,0.69,0.0,0.0,0.0,0.69,0.0,0.0,2.79,0.0,0.69,0.0,0.0,0.0,2.09,0.0,0.0,0.0,0.0,1.39,0.0,0.0,0.0,0.0,0.0,0.0,0.0,0.0,0.0,0.0,0.0,0.0,0.0,0.0,0.69,1.39,0.0,0.0,0.0,0.221,0.0,0.0,0.0,0.0,2.184,12,83,0
0.0,0.0,0.0,0.0,0.0,0.57,0.0,0.0,0.0,0.28,0.0,0.0,0.0,0.0,0.0,0.0,0.0,0.0,2.86,0.0,0.0,0.0,0.0,0.0,4.58,0.0,0.28,0.0,0.0,0.0,0.0,0.0,0.0,0.0,0.0,0.0,0.57,0.0,0.0,0.0,0.0,0.0,0.85,0.0,0.85,0.0,0.0,0.0,0.144,0.192,0.096,0.0,0.0,0.0,2.306,19,203,0
0.0,0.0,0.13,0.0,0.2,0.0,0.0,0.0,0.0,0.0,0.0,0.6,0.06,0.0,0.0,0.13,0.0,0.0,0.73,0.06,0.73,0.0,0.0,0.0,1.6,0.33,0.0,0.13,0.0,0.0,0.26,0.0,0.0,0.0,0.33,0.13,0.4,0.0,0.0,0.0,0.0,0.0,0.0,0.0,0.13,0.06,0.0,0.2,0.0,0.208,0.0,0.028,0.075,0.0,2.068,29,871,0
1.18,0.39,0.59,0.0,0.0,0.98,0.19,0.19,1.38,0.39,0.0,0.98,0.0,0.19,0.0,0.98,0.0,0.0,2.56,0.39,1.38,0.0,0.0,1.38,0.0,0.0,0.0,0.0,0.0,0.0,0.0,0.0,0.0,0.0,0.0,0.0,0.0,0.0,0.0,0.0,0.0,0.0,0.0,0.0,0.0,0.0,0.0,0.0,0.0,0.232,0.0,0.749,0.31,0.025,6.652,76,632,1
0.09,0.38,0.57,0.0,0.48,0.38,0.0,0.0,0.0,0.38,0.0,1.53,0.19,0.0,0.09,0.0,0.09,0.0,3.55,0.0,1.24,0.0,0.0,0.0,0.0,0.0,0.0,0.0,0.0,0.0,0.0,0.0,0.0,0.0,0.0,0.0,0.0,0.0,0.0,0.0,0.0,0.0,0.0,0.0,0.0,0.0,0.0,0.0,0.038,0.038,0.0,0.246,0.894,0.012,4.0,70,640,1
0.0,0.0,0.0,0.0,0.0,0.0,0.0,0.0,0.0,0.83,0.0,0.0,0.0,0.0,0.0,0.0,0.0,0.0,0.0,0.0,0.0,0.0,0.0,0.0,0.0,0.0,0.83,0.0,0.0,0.0,0.0,0.0,0.83,0.0,0.0,0.0,0.0,0.0,0.0,0.0,0.0,0.0,0.0,0.0,0.83,0.0,0.0,0.0,0.0,0.131,0.262,0.0,0.0,0.0,4.128,28,161,0
0.0,0.0,0.0,0.0,0.0,0.0,0.0,0.0,0.0,0.0,0.0,0.0,0.0,0.0,0.0,0.0,0.0,0.0,0.0,0.0,0.0,0.0,0.0,0.0,0.0,0.0,0.0,0.0,0.0,0.0,0.0,0.0,0.0,0.0,0.0,0.0,0.0,0.0,0.0,0.0,0.0,0.0,0.0,0.0,0.0,0.0,0.0,0.0,0.0,0.0,0.0,0.0,0.0,0.0,2.09,7,23,0
0.0,0.0,0.36,0.0,0.72,0.0,0.0,0.0,0.0,0.0,0.0,0.36,0.18,0.0,0.0,0.36,0.0,0.0,1.44,0.0,0.36,0.0,0.0,0.0,0.36,0.9,0.0,0.0,0.0,0.0,0.0,0.0,0.0,0.0,0.0,0.0,0.36,0.0,0.0,0.0,0.0,0.0,0.18,0.0,0.18,0.0,0.0,0.0,0.026,0.0,0.0,0.107,0.0,0.0,2.988,51,263,0
0.0,0.0,1.2,0.0,0.0,0.0,0.0,0.0,0.0,0.0,0.0,2.4,0.0,0.0,0.0,0.0,0.0,0.0,0.0,0.0,0.0,0.0,0.0,0.0,0.0,0.0,0.0,0.0,0.0,0.0,0.0,0.0,0.0,0.0,0.0,0.0,0.0,0.0,0.0,0.0,0.0,1.2,0.0,0.0,0.0,0.0,0.0,0.0,0.0,0.666,1.111,0.222,0.0,0.0,2.826,8,65,0
0.0,0.0,0.0,0.0,0.0,0.0,0.0,0.0,0.0,0.0,0.0,0.0,0.0,0.0,0.0,0.0,0.0,0.0,0.0,0.0,0.0,0.0,0.0,0.0,0.0,0.0,0.0,0.0,0.0,0.0,0.0,0.0,0.0,0.0,0.0,0.0,0.0,0.0,0.0,0.0,0.0,0.0,0.0,0.0,0.0,0.0,0.0,0.0,0.0,0.041,0.0,0.0,0.0,0.0,1.938,33,95,1
0.58,0.0,0.34,0.0,0.11,0.11,0.0,0.0,0.0,0.23,0.23,0.93,0.93,0.0,0.0,0.58,0.23,0.11,4.19,0.0,1.51,0.0,0.58,0.46,0.0,0.0,0.0,0.0,0.0,0.0,0.0,0.0,0.0,0.0,0.0,0.0,0.0,0.0,0.34,0.0,0.0,0.0,0.0,0.0,0.11,0.0,0.0,0.11,0.0,0.125,0.0,0.733,0.104,0.335,8.192,326,1360,1
0.0,0.0,0.53,0.0,0.53,0.0,0.0,0.53,0.0,0.0,0.0,1.06,0.0,0.0,2.12,0.0,0.53,0.53,2.65,0.0,2.65,0.0,1.59,0.0,0.0,0.0,0.0,0.0,0.0,0.0,0.0,0.0,0.0,0.0,0.0,0.0,0.0,0.0,0.53,0.53,0.0,0.0,0.0,0.0,0.0,0.0,0.0,0.0,0.0,0.191,0.0,0.095,0.478,0.0,5.038,60,131,1
0.36,0.0,0.73,0.0,0.0,0.0,0.0,0.0,0.0,0.73,0.0,0.73,0.0,0.0,0.0,0.0,0.0,0.0,3.3,0.0,0.0,0.0,0.0,0.0,0.73,1.1,0.0,0.73,0.36,0.36,0.0,0.0,0.0,0.0,0.36,0.73,0.0,0.0,0.0,0.0,0.0,0.0,0.0,0.0,0.0,0.0,0.0,0.0,0.0,0.231,0.0,0.0,0.0,0.0,2.482,16,144,0
0.0,0.0,0.0,0.0,0.0,0.0,0.0,0.0,0.0,0.0,0.0,0.0,0.0,0.0,0.0,0.0,0.0,0.0,0.0,0.0,0.0,0.0,0.0,0.0,10.0,0.0,0.0,0.0,0.0,0.0,0.0,0.0,0.0,0.0,0.0,0.0,0.0,0.0,0.0,0.0,0.0,0.0,0.0,0.0,0.0,0.0,0.0,0.0,0.0,0.0,0.0,0.0,0.0,0.0,1.0,1,1,0
0.46,0.0,0.0,0.0,0.0,0.0,0.0,0.0,0.0,0.0,0.0,2.32,0.46,0.0,0.0,0.0,0.0,0.46,5.11,0.0,0.46,0.0,0.0,0.0,0.93,1.39,0.0,0.0,0.46,0.0,0.0,0.0,0.0,0.0,0.0,0.0,0.0,0.0,1.39,0.0,0.0,0.93,0.0,0.0,0.0,0.0,0.0,0.0,0.0,0.0,0.0,0.065,0.0,0.0,2.0,13,86,0
0.47,0.0,0.94,0.0,0.94,0.0,0.94,0.0,0.0,0.0,0.0,0.47,0.0,0.0,0.0,0.0,0.47,0.0,4.24,0.0,0.94,0.0,1.41,0.0,0.0,0.0,0.0,0.0,0.0,0.0,0.0,0.0,0.0,0.0,0.47,0.0,0.0,0.0,0.0,0.0,0.0,0.0,0.0,0.0,0.47,0.0,0.0,0.0,0.0,0.073,0.0,1.254,0.221,0.0,5.918,91,219,1
0.0,0.0,0.29,0.0,0.29,0.29,0.29,0.29,0.0,0.0,0.58,0.87,0.0,0.0,0.0,0.87,0.58,0.29,2.61,2.61,2.9,0.0,0.0,0.58,0.0,0.0,0.0,0.0,0.0,0.0,0.0,0.0,0.0,0.0,0.0,0.0,0.0,0.0,0.0,0.0,0.0,0.0,0.0,0.0,0.0,0.0,0.0,0.0,0.0,0.046,0.0,0.14,0.0,0.14,4.892,139,274,1
0.0,0.0,1.2,0.0,0.0,0.0,0.0,0.0,0.0,0.0,0.0,1.2,0.0,0.0,0.0,0.0,0.0,0.0,6.02,0.0,0.0,0.0,0.0,0.0,0.0,0.0,0.0,0.0,0.0,0.0,0.0,0.0,0.0,0.0,0.0,0.0,0.0,0.0,2.4,0.0,1.2,0.0,0.0,0.0,1.2,1.2,0.0,0.0,0.197,0.0,0.0,7.707,0.0,0.0,3.4,15,51,0
0.0,0.0,0.0,0.0,0.0,0.0,0.0,0.0,0.0,0.0,0.0,0.0,0.0,0.0,0.0,0.0,0.0,0.0,2.68,0.0,1.34,0.0,0.0,0.0,0.0,0.0,0.0,0.0,0.0,0.0,0.0,0.0,0.0,0.0,0.0,0.0,0.0,0.0,0.0,0.0,0.0,0.0,0.0,0.0,0.67,0.0,0.0,0.0,0.0,0.0,0.0,0.471,0.0,0.0,1.033,2,31,0
0.0,0.0,0.33,0.0,0.66,0.0,0.0,0.33,0.0,1.32,0.0,0.0,0.0,0.33,0.0,0.0,0.33,0.0,1.32,0.0,0.33,0.0,0.0,0.0,1.98,0.66,0.66,0.0,0.0,0.0,0.0,0.0,0.33,0.0,0.0,0.0,0.99,0.0,0.0,0.0,0.0,0.0,0.33,0.33,0.33,0.0,0.0,0.0,0.168,0.392,0.0,0.224,0.336,0.0,4.115,42,321,0
0.0,0.0,0.0,0.0,0.0,0.0,0.0,0.0,0.0,0.0,0.0,0.0,0.0,0.0,0.0,0.0,0.0,0.0,0.0,0.0,0.0,0.0,0.0,0.0,0.0,0.0,20.0,0.0,0.0,0.0,0.0,0.0,0.0,0.0,0.0,0.0,0.0,0.0,0.0,0.0,0.0,0.0,0.0,0.0,0.0,0.0,0.0,0.0,0.0,0.0,0.0,0.0,0.0,0.0,1.0,1,5,0
0.0,0.0,0.4,0.0,0.0,0.0,0.2,0.0,0.8,0.2,0.0,0.4,0.0,1.41,0.2,0.4,0.0,0.0,3.44,3.03,2.22,0.0,0.0,0.4,0.0,0.0,0.0,0.0,0.0,0.0,0.0,0.0,0.0,0.0,0.0,0.0,0.0,0.0,0.0,0.0,0.0,0.0,0.0,0.0,0.0,0.0,0.0,0.0,0.033,0.066,0.0,0.133,0.066,0.0,2.704,30,192,1
0.0,0.0,0.29,0.0,0.88,0.14,0.0,0.0,0.88,0.0,0.0,0.73,0.14,0.0,0.0,0.0,0.29,0.0,2.2,0.0,0.88,0.0,0.14,0.29,0.0,0.0,0.0,0.0,0.0,0.0,0.0,0.0,0.0,0.0,0.58,0.0,0.0,0.0,0.0,0.0,0.0,0.0,0.0,0.0,0.0,0.0,0.0,0.0,0.0,0.097,0.0,0.388,0.048,0.024,2.264,49,428,1
0.0,0.0,0.26,0.0,0.0,0.0,0.0,0.0,0.0,0.0,0.26,0.0,0.0,0.0,0.0,0.0,0.0,0.26,0.0,0.0,0.0,0.0,0.0,0.0,0.26,0.0,0.0,0.0,0.0,0.0,0.0,0.0,0.0,0.0,0.0,0.0,0.53,0.0,0.0,0.0,0.0,1.06,0.0,0.26,0.0,2.4,0.0,0.0,0.036,0.109,0.0,0.0,0.036,0.0,1.632,11,307,0
0.33,0.84,0.67,0.0,0.67,0.33,0.67,0.0,0.33,0.0,0.16,0.84,0.16,0.0,0.0,0.67,0.0,0.5,3.03,0.33,2.18,0.0,0.0,0.0,0.0,0.0,0.0,0.0,0.0,0.0,0.0,0.0,0.33,0.0,0.0,0.0,0.0,0.0,0.0,0.0,0.0,0.0,0.0,0.0,0.0,0.0,0.0,0.0,0.0,0.183,0.0,0.156,0.104,0.026,6.5,525,858,1
0.43,0.26,0.43,0.0,0.78,0.26,0.0,0.17,0.34,4.09,0.08,1.22,0.43,0.0,0.78,1.13,0.26,1.91,2.35,0.0,2.35,0.0,0.08,0.43,0.0,0.0,0.0,0.0,0.0,0.0,0.0,0.0,0.0,0.0,0.0,0.08,0.0,0.0,0.0,0.08,0.0,0.0,0.0,0.0,0.0,0.0,0.0,0.0,0.056,0.241,0.042,0.709,0.056,0.0,4.319,126,1123,1
0.0,0.0,0.0,0.0,0.0,0.0,0.0,0.0,0.0,0.0,0.0,0.81,1.62,0.0,0.0,0.0,0.0,0.0,1.62,0.0,0.0,0.0,0.0,0.0,0.0,0.0,0.81,0.0,0.0,0.0,0.0,0.0,0.0,0.0,0.0,0.0,0.0,0.0,0.0,0.0,0.0,0.0,0.0,0.0,0.81,0.0,0.0,0.0,0.0,0.0,0.0,0.0,0.0,0.0,1.125,3,18,0
0.0,0.0,0.86,0.0,0.0,0.0,0.0,0.0,0.0,0.0,0.0,0.86,0.0,0.0,0.0,0.0,0.0,0.86,0.86,0.0,2.58,0.0,0.0,0.0,1.72,0.86,0.0,0.86,0.0,0.86,0.86,0.0,0.0,0.0,0.86,0.86,0.0,0.0,0.0,0.0,0.0,0.0,0.0,0.0,0.0,0.0,0.0,0.0,0.0,0.11,0.0,0.11,0.0,0.0,1.812,10,58,0
0.0,0.57,0.57,0.0,1.14,0.57,2.28,0.0,0.0,0.57,0.0,0.57,0.0,0.0,0.0,0.0,0.0,0.57,3.42,0.0,1.14,0.0,0.0,0.0,0.0,0.0,0.0,0.0,0.0,0.0,0.0,0.0,0.0,0.0,0.0,0.0,0.0,0.0,0.0,0.0,0.0,0.0,0.0,0.0,0.57,0.0,0.0,0.0,0.0,0.081,0.0,0.487,0.0,0.081,16.217,147,373,1
0.0,0.0,0.0,0.0,0.51,0.0,0.0,0.0,0.0,0.0,0.0,0.0,0.51,0.0,0.0,0.0,0.0,0.0,1.55,0.0,0.0,0.0,0.0,0.0,0.0,0.0,0.51,0.0,0.0,0.0,0.0,0.0,1.03,0.0,0.0,0.0,0.0,0.0,0.0,0.0,0.0,0.0,0.0,0.0,0.0,0.0,0.0,0.0,0.0,0.0,0.0,0.281,0.0,0.0,1.363,5,45,0
0.0,0.0,0.72,0.0,0.0,0.0,0.0,0.0,0.0,0.0,0.0,0.0,0.0,0.0,0.0,0.0,0.0,0.0,0.0,0.0,0.0,0.0,0.0,0.0,0.72,0.0,0.0,0.0,0.0,0.0,0.0,0.0,0.0,0.0,0.0,0.0,0.72,0.0,0.36,0.0,0.36,0.0,0.0,0.0,0.0,0.36,0.0,0.0,0.0,0.0,0.0,0.0,0.0,0.0,1.646,12,107,0
0.0,0.0,0.72,0.0,0.0,0.0,0.0,0.0,0.0,0.0,0.0,0.0,0.0,0.0,0.0,0.0,0.0,0.0,0.0,0.0,0.0,0.0,0.0,0.0,0.72,0.0,0.0,0.0,0.0,0.0,0.0,0.0,0.0,0.0,0.0,0.0,0.72,0.0,0.36,0.0,0.36,0.0,0.0,0.0,0.0,0.36,0.0,0.0,0.0,0.0,0.0,0.0,0.0,0.0,1.646,12,107,0
0.0,0.0,0.0,0.0,0.92,0.0,0.0,0.0,0.0,0.0,0.0,0.92,0.0,0.0,0.0,0.0,0.0,0.0,0.92,0.0,0.92,0.0,0.0,0.0,0.0,0.0,0.0,0.0,0.0,0.0,0.0,0.0,0.0,0.0,0.0,0.0,0.0,0.0,0.0,0.0,0.0,0.0,0.0,0.0,0.0,0.0,0.0,0.0,0.0,0.0,0.0,0.0,0.0,0.0,1.5,7,33,0
0.0,1.17,0.0,0.0,0.0,0.0,0.0,0.0,1.17,0.0,0.0,0.0,0.0,0.0,0.0,0.0,0.0,0.0,0.0,0.0,0.0,0.0,0.0,0.0,0.0,1.17,2.35,0.0,0.0,0.0,0.0,0.0,0.0,0.0,0.0,0.0,1.17,0.0,0.0,0.0,0.0,0.0,0.0,0.0,0.0,0.0,0.0,1.17,0.376,0.0,0.0,0.0,0.0,0.0,2.925,16,117,0
0.0,0.0,0.74,0.0,0.0,0.0,0.0,0.0,0.0,0.74,0.0,0.0,0.37,0.74,0.0,0.0,0.37,0.0,0.37,0.0,0.37,0.0,0.0,0.0,0.0,0.0,0.0,0.0,0.0,0.0,0.0,0.0,0.0,0.0,0.0,0.0,1.11,0.0,0.0,0.0,0.0,0.0,0.0,0.37,0.0,0.0,0.0,0.0,0.0,0.245,0.0,0.0,0.0,0.0,4.666,64,196,0
0.0,0.0,0.0,0.0,0.0,0.0,0.0,0.0,0.0,0.0,0.0,0.0,0.0,0.0,0.0,0.0,0.0,0.0,3.03,0.0,0.0,0.0,0.0,0.0,0.0,0.0,0.0,0.0,0.0,0.0,0.0,0.0,0.0,0.0,3.03,0.0,0.0,0.0,0.0,0.0,0.0,0.0,0.0,0.0,0.0,0.0,0.0,0.0,0.0,0.0,0.0,0.476,0.0,0.0,2.642,9,37,0
0.0,0.0,0.6,0.0,0.6,0.0,0.6,0.0,0.0,0.0,0.0,0.0,0.6,0.0,0.0,0.0,0.0,0.6,1.81,0.0,1.21,0.0,0.0,0.6,0.0,0.0,0.0,0.0,0.0,0.0,0.0,0.0,0.0,0.0,0.0,0.0,0.0,0.0,0.0,0.0,0.0,0.0,0.0,0.0,0.0,0.0,0.0,0.0,0.0,0.412,0.0,0.619,0.103,0.0,6.166,33,259,1
0.0,0.0,0.29,0.0,0.59,0.29,0.29,0.0,0.29,1.78,0.0,0.89,0.0,0.0,0.0,0.0,0.59,0.29,4.16,0.0,0.89,0.0,0.0,0.0,0.0,0.0,0.0,0.0,0.0,0.0,0.0,0.0,0.0,0.0,0.0,0.0,0.0,0.0,0.0,0.0,0.0,0.0,0.0,0.0,0.0,0.0,0.0,0.0,0.0,0.137,0.0,0.045,0.045,0.0,12.2,163,488,1
0.6,0.0,0.0,0.0,1.21,0.0,0.6,0.0,0.0,0.0,0.0,0.6,0.0,0.0,0.0,0.0,0.0,0.6,3.65,0.0,1.21,0.0,0.0,0.6,0.0,0.0,0.0,0.0,0.0,0.0,0.0,0.0,0.0,0.0,0.0,0.0,1.21,0.0,0.0,0.0,0.0,0.0,0.0,0.0,0.0,0.0,0.0,0.0,0.0,0.0,0.0,0.105,0.315,0.0,3.217,30,74,1
0.0,0.0,0.0,0.0,0.0,0.0,0.0,0.0,0.0,0.0,0.0,0.0,0.0,0.0,0.0,0.0,0.0,0.0,4.34,0.0,8.69,0.0,0.0,0.0,0.0,0.0,4.34,0.0,0.0,0.0,0.0,0.0,0.0,0.0,0.0,0.0,0.0,0.0,0.0,0.0,0.0,0.0,0.0,0.0,0.0,0.0,0.0,0.0,0.0,0.0,0.0,3.048,0.0,0.0,1.0,1,8,0
0.0,0.0,0.74,0.0,0.0,0.0,0.0,0.0,0.0,0.74,0.0,0.0,0.37,0.74,0.0,0.0,0.37,0.0,0.37,0.0,0.37,0.0,0.0,0.0,0.0,0.0,0.0,0.0,0.0,0.0,0.0,0.0,0.0,0.0,0.0,0.0,1.11,0.0,0.0,0.0,0.0,0.0,0.0,0.37,0.0,0.0,0.0,0.0,0.0,0.245,0.0,0.0,0.0,0.0,4.666,64,196,0
0.0,0.0,0.0,0.0,0.63,0.0,0.31,0.63,0.31,0.63,0.31,0.31,0.31,0.0,0.0,0.31,0.0,0.0,3.18,0.0,0.31,0.0,0.0,0.0,0.0,0.0,0.0,0.0,0.0,0.0,0.0,0.0,0.0,0.0,0.0,0.0,0.0,0.0,0.0,0.0,0.0,0.0,0.0,0.0,0.0,0.0,0.0,0.0,0.0,0.135,0.0,0.135,0.0,0.0,3.537,40,191,1
0.0,0.29,0.0,0.0,0.0,0.29,0.29,2.04,0.0,0.0,0.29,1.16,0.29,0.0,0.29,1.16,2.33,1.16,2.33,0.0,1.16,0.0,0.0,0.0,0.0,0.0,0.0,0.0,0.0,0.0,0.0,0.0,0.0,0.0,0.0,0.0,0.0,0.0,0.0,0.0,0.0,0.0,0.0,0.0,0.0,0.0,0.0,0.0,0.0,0.132,0.0,0.044,0.0,0.0,1.559,24,145,1
0.09,0.0,0.27,0.0,0.36,0.09,0.0,0.18,0.09,0.0,0.0,0.72,0.0,0.36,0.0,0.0,0.0,0.0,2.0,0.0,3.27,0.0,0.36,0.09,0.0,0.0,0.0,0.0,0.0,0.0,0.0,0.0,0.0,0.0,0.0,0.0,0.0,0.0,0.0,0.0,0.0,0.0,0.0,0.0,0.27,0.0,0.0,0.0,0.015,0.047,0.031,0.252,0.031,0.031,3.816,69,542,1
0.07,0.02,0.15,0.0,0.25,0.2,0.0,0.02,0.15,0.0,0.0,0.25,0.25,0.07,0.0,0.05,0.22,0.0,0.05,0.0,0.02,0.0,0.37,0.02,0.0,0.0,0.0,0.0,0.02,0.0,0.0,0.0,0.0,0.0,0.0,0.05,0.3,0.02,0.0,0.02,0.0,0.0,0.02,0.0,0.02,0.0,0.0,0.0,0.011,0.022,0.0,0.0,0.022,0.0,1.423,20,965,1
0.0,0.0,0.0,0.0,1.81,0.0,0.0,0.0,0.0,0.0,0.0,1.81,0.0,0.0,0.0,0.0,0.0,0.0,0.0,0.0,0.0,0.0,0.0,0.0,0.0,0.0,0.0,0.0,0.0,0.0,0.0,0.0,0.0,0.0,0.0,0.0,0.0,0.0,0.0,0.0,0.0,0.0,0.0,0.0,0.0,0.0,0.0,0.0,0.0,0.615,0.0,0.0,0.0,0.0,1.388,5,25,0
0.0,0.0,0.0,0.0,0.0,0.0,0.0,1.25,0.0,0.41,0.0,0.0,0.0,0.0,0.0,0.41,0.0,1.67,0.41,0.0,0.41,0.0,0.0,0.0,0.0,0.0,0.0,0.0,0.0,0.0,0.0,0.0,0.0,0.0,0.0,0.41,0.0,0.0,0.0,0.0,0.0,0.0,0.0,0.0,0.0,0.0,0.0,0.0,0.0,0.125,0.0,0.312,0.062,0.0,1.477,8,65,1
0.37,0.75,1.13,0.0,0.37,0.0,0.0,0.37,0.37,1.89,0.37,2.65,0.0,0.37,0.0,0.37,0.0,0.0,2.27,0.0,4.54,0.0,0.37,0.0,0.0,0.0,0.0,0.0,0.0,0.0,0.0,0.0,0.0,0.0,0.0,0.0,0.37,0.0,0.0,0.0,0.0,0.0,0.0,0.0,0.0,0.0,0.0,0.0,0.0,0.196,0.0,1.246,0.196,0.065,62.5,845,1000,1
0.0,0.0,0.0,0.0,2.1,0.0,1.05,0.0,0.0,0.0,0.0,0.0,0.0,0.0,0.0,0.0,0.0,0.0,0.0,0.0,0.0,0.0,0.0,0.0,0.0,0.0,0.0,0.0,0.0,0.0,0.0,0.0,0.0,0.0,0.0,1.05,0.0,0.0,0.0,0.0,0.0,0.0,0.0,0.0,0.0,0.0,0.0,0.0,0.0,0.0,0.0,0.0,0.0,0.0,4.5,34,108,1
0.0,0.0,0.0,0.0,0.0,0.0,0.0,0.0,0.0,0.0,0.0,3.57,0.0,0.0,0.0,0.0,0.0,0.0,0.0,0.0,0.0,0.0,0.0,0.0,0.0,0.0,0.0,0.0,0.0,0.0,0.0,0.0,0.0,0.0,0.0,0.0,0.0,0.0,0.0,0.0,0.0,0.0,0.0,0.0,0.0,0.0,0.0,0.0,0.0,0.0,0.0,0.684,0.0,0.0,2.0,7,16,0
0.0,0.0,0.32,0.0,0.32,0.0,0.0,0.0,0.0,0.0,0.0,0.64,0.0,0.0,0.0,0.0,0.0,0.0,0.32,0.0,0.0,0.0,0.0,0.0,0.64,0.64,0.0,0.0,0.0,0.0,0.0,0.0,0.0,0.0,0.0,0.32,0.64,0.0,0.0,0.0,0.0,0.0,0.0,0.0,0.0,0.0,0.0,0.0,0.0,0.04,0.0,0.0,0.0,0.0,1.902,10,175,0
0.14,0.29,0.44,0.0,0.88,0.29,0.0,0.0,1.47,1.47,0.14,1.91,0.29,0.0,0.58,0.29,0.0,1.62,2.35,0.14,2.35,0.0,0.73,0.29,0.0,0.0,0.0,0.0,0.0,0.0,0.0,0.0,0.0,0.0,0.0,0.0,0.0,0.0,0.0,0.0,0.0,0.0,0.0,0.0,0.0,0.0,0.0,0.0,0.0,0.023,0.0,1.003,0.215,0.047,6.602,217,898,1
0.14,0.0,0.57,0.0,0.28,0.14,0.28,0.28,0.0,0.43,0.14,0.28,0.0,0.0,0.0,1.88,0.14,0.14,1.01,0.0,1.44,0.0,0.0,0.0,0.0,0.0,0.0,0.0,0.0,0.0,0.0,0.0,0.0,0.0,0.0,0.0,0.0,0.0,0.0,0.14,0.0,0.0,0.0,0.0,0.0,0.0,0.0,0.0,0.0,0.07,0.0,0.21,0.0,0.0,2.293,32,477,1
0.67,0.0,0.67,0.0,2.7,0.0,0.0,0.0,0.0,0.0,0.0,0.0,0.0,0.0,0.0,0.0,0.67,0.67,4.05,0.0,1.35,0.0,0.0,0.0,0.0,0.0,0.0,0.0,0.0,0.0,0.0,0.0,0.0,0.0,0.0,0.0,0.0,0.0,0.0,0.0,0.0,0.0,0.0,0.0,0.0,0.0,0.0,0.0,0.0,0.0,0.0,0.2,0.0,0.0,1.064,3,33,1
0.0,14.28,0.0,0.0,0.0,0.0,0.0,0.0,0.0,0.0,0.0,0.0,0.0,0.0,0.0,0.0,0.0,0.0,0.0,0.0,0.0,0.0,0.0,0.0,0.0,0.0,0.0,0.0,0.0,0.0,0.0,0.0,0.0,0.0,0.0,0.0,0.0,0.0,0.0,0.0,0.0,0.0,0.0,0.0,0.0,0.0,0.0,0.0,0.0,0.0,0.0,0.0,0.0,0.0,1.8,5,9,0
0.0,0.0,2.27,0.0,0.0,0.0,0.0,0.0,0.0,0.0,0.0,0.0,0.0,0.0,0.0,0.0,0.0,0.0,2.27,0.0,0.0,0.0,0.0,0.0,0.0,0.0,0.0,0.0,0.0,0.0,0.0,0.0,0.0,0.0,0.0,0.0,0.0,0.0,0.0,0.0,0.0,0.0,0.0,0.0,2.27,0.0,0.0,0.0,0.0,0.404,0.0,0.404,0.0,0.0,2.076,15,27,0
0.0,0.0,0.0,0.0,0.0,0.0,0.0,0.0,0.0,0.0,0.0,0.0,0.0,0.0,0.0,0.0,0.0,0.0,0.0,0.0,0.0,0.0,0.0,0.0,0.0,0.0,25.0,0.0,0.0,0.0,0.0,0.0,0.0,0.0,0.0,0.0,0.0,0.0,0.0,0.0,0.0,0.0,0.0,0.0,0.0,0.0,0.0,0.0,0.0,0.0,0.0,0.0,0.0,0.0,1.0,1,4,0
0.0,0.0,0.0,0.0,0.43,0.0,0.0,0.0,0.0,0.0,0.0,0.0,0.0,0.0,0.0,0.0,0.0,0.43,2.19,0.0,0.87,0.0,0.0,0.0,0.0,0.0,0.0,0.0,0.0,0.0,0.0,0.0,0.0,0.0,0.0,0.0,0.0,0.0,0.0,0.0,0.0,0.0,0.0,0.87,0.87,0.43,0.0,0.0,0.0,0.079,0.0,0.0,0.0,0.0,1.292,5,53,0
0.0,0.0,0.0,0.0,1.25,0.0,0.0,1.25,0.0,0.0,0.0,0.0,0.0,0.0,0.0,1.25,0.0,0.0,0.0,0.0,0.0,0.0,0.0,0.0,0.0,0.0,0.0,0.0,0.0,0.0,0.0,0.0,0.0,0.0,0.0,0.0,0.0,0.0,0.0,0.0,0.0,0.0,0.0,0.0,0.0,0.0,0.0,0.0,0.0,0.409,0.0,1.023,1.023,0.0,3.485,25,122,1
0.0,0.0,0.42,0.0,0.42,0.14,0.0,0.0,0.0,0.0,0.0,1.56,0.14,0.0,0.0,0.0,0.28,0.0,0.14,0.0,0.14,0.0,0.0,0.0,3.12,0.0,0.14,0.0,1.27,0.42,0.0,0.0,0.0,0.0,0.0,0.56,0.28,0.0,0.14,0.0,0.0,0.0,0.14,0.0,0.14,0.0,0.0,0.0,0.058,0.019,0.019,0.0,0.0,0.0,2.345,17,333,0
0.69,0.0,0.69,0.0,0.0,0.0,0.0,0.0,0.0,0.69,0.0,0.0,0.0,0.0,0.0,1.38,0.0,0.0,1.38,0.0,1.38,0.0,0.0,0.0,0.0,0.0,0.0,0.0,0.0,0.0,0.0,0.0,0.0,0.0,0.0,0.0,0.0,0.0,0.0,0.0,0.0,0.0,0.0,0.0,0.0,0.0,0.0,0.0,0.0,0.0,0.0,2.378,0.0,0.0,3.315,37,126,0
0.0,0.0,0.0,0.0,0.0,0.0,0.0,0.0,0.0,0.0,0.0,0.0,0.0,0.0,0.0,0.0,0.0,0.0,0.0,0.0,0.0,0.0,0.0,0.0,0.0,0.0,0.0,0.0,0.0,0.0,0.0,0.0,0.0,0.0,0.0,0.0,1.96,0.0,1.96,0.0,0.0,0.0,0.98,0.0,0.0,0.0,0.0,0.98,0.0,0.377,0.0,0.125,0.0,0.0,2.925,27,158,0
0.0,0.0,0.0,0.0,0.64,0.0,0.0,0.0,1.28,0.0,0.0,0.64,0.0,0.0,0.0,0.0,0.0,0.0,0.0,0.0,1.28,0.0,0.0,0.0,0.0,0.0,1.28,0.0,0.0,0.0,0.0,0.0,0.0,0.0,0.0,0.0,0.64,0.0,0.0,0.0,0.0,0.0,0.0,0.0,0.64,0.0,0.0,0.0,0.0,0.0,0.0,0.197,0.0,0.0,2.35,13,94,0
0.0,0.0,0.0,0.0,0.0,0.0,0.0,1.04,0.0,0.0,0.52,1.04,0.52,0.0,0.0,1.04,0.0,0.0,3.66,1.04,1.04,0.0,1.57,0.52,0.0,0.0,0.0,0.0,0.0,0.0,0.0,0.0,0.0,0.0,0.0,0.0,0.0,0.0,0.0,0.0,0.0,0.0,0.0,0.0,0.0,0.0,0.0,0.0,0.0,0.0,0.0,0.539,0.269,0.0,5.787,47,272,1
0.0,0.0,0.0,0.0,0.0,0.0,0.0,0.0,0.0,0.0,0.0,0.0,0.0,0.0,0.0,0.0,0.0,0.0,0.66,0.0,0.33,0.0,0.0,0.0,5.66,2.66,2.0,0.66,0.66,0.66,0.66,0.66,0.0,0.66,0.66,0.66,0.66,0.0,0.33,0.66,0.0,0.0,0.66,0.0,0.66,0.0,0.0,0.0,0.101,0.254,0.101,0.05,0.05,0.0,2.725,15,248,0
0.18,0.14,0.25,0.0,0.0,0.0,0.0,0.07,0.0,0.14,0.03,0.77,0.07,0.03,0.0,0.0,0.03,0.18,0.11,0.0,0.25,0.07,0.0,0.0,0.0,0.0,0.0,0.0,0.03,0.11,0.0,0.0,0.03,0.0,0.0,0.37,0.62,0.0,0.0,0.0,0.18,0.0,0.03,0.0,0.0,0.22,0.0,0.18,0.019,0.414,0.0,0.004,0.0,0.0,2.393,40,1795,0
0.0,0.0,0.0,0.0,3.12,0.0,1.04,1.04,0.0,1.04,0.0,1.04,0.0,0.0,0.0,2.08,0.0,0.0,2.08,0.0,1.04,0.0,0.0,0.0,0.0,0.0,0.0,0.0,0.0,0.0,0.0,0.0,0.0,0.0,0.0,0.0,0.0,0.0,0.0,0.0,0.0,0.0,0.0,0.0,1.04,0.0,0.0,0.0,0.0,0.0,0.0,0.0,0.0,0.0,10.692,65,139,1
0.0,0.0,0.0,0.0,0.0,0.0,1.78,0.0,0.0,1.78,0.0,0.0,0.0,0.0,0.0,0.0,0.0,0.0,0.0,0.0,0.0,0.0,0.0,0.0,0.0,0.0,0.0,0.0,0.0,0.0,0.0,0.0,0.0,0.0,0.0,0.0,0.0,0.0,0.0,0.0,0.0,0.0,0.0,0.0,0.0,0.0,0.0,0.0,0.0,0.0,0.0,0.544,0.0,0.0,1.777,5,16,1
0.0,0.72,0.0,0.0,2.89,0.0,0.0,0.0,0.0,0.0,0.72,0.72,0.0,0.0,0.0,0.0,0.0,0.0,2.17,0.0,1.44,0.0,0.0,0.0,0.0,0.0,0.0,0.0,0.0,0.0,0.0,0.0,0.0,0.0,0.0,0.0,0.0,0.0,0.0,0.0,0.0,0.0,0.0,0.0,0.0,0.0,0.0,0.0,0.0,0.0,0.0,0.0,0.0,0.0,1.379,7,40,1
0.0,0.0,0.0,0.0,0.0,0.0,0.0,0.0,0.0,0.0,0.0,0.0,0.0,0.0,0.0,0.0,0.0,0.0,2.17,0.0,2.17,0.0,0.0,0.0,0.0,0.0,0.0,0.0,0.0,0.0,0.0,0.0,0.0,0.0,0.0,0.0,0.0,0.0,0.0,0.0,0.0,0.0,0.0,0.0,0.0,0.0,0.0,0.0,0.0,0.0,0.0,0.411,0.0,0.0,4.307,15,56,1
0.0,0.0,0.78,0.0,0.0,0.78,0.0,0.0,0.0,0.78,0.0,0.0,0.78,0.0,0.0,0.0,0.0,0.0,1.56,0.0,0.78,0.0,0.0,0.0,0.0,0.0,0.0,0.0,0.0,0.0,0.0,0.0,0.0,0.0,0.0,0.0,0.0,0.0,0.0,0.0,0.0,0.0,0.0,0.0,0.0,0.78,0.0,0.0,0.0,0.12,0.0,0.12,0.0,0.0,2.862,47,83,0
0.74,0.0,0.0,0.0,0.74,0.0,0.74,0.0,0.74,0.0,0.0,0.0,0.0,0.0,0.0,0.0,0.0,0.0,0.0,0.0,1.49,0.0,0.0,0.0,0.0,0.0,0.0,0.0,0.0,0.0,0.0,0.0,0.0,0.0,0.0,0.0,0.0,0.0,0.0,0.74,0.0,0.0,0.0,0.0,0.0,0.0,0.0,0.0,0.0,0.0,0.0,0.467,0.233,0.0,1.846,12,72,1
0.0,0.0,0.0,0.0,0.0,0.0,0.0,0.0,0.0,0.0,0.0,1.81,0.0,0.0,0.0,0.0,0.0,0.0,0.0,0.0,1.81,0.0,0.0,0.0,0.0,0.0,0.0,0.0,0.0,0.0,0.0,0.0,0.0,0.0,0.0,0.0,0.0,0.0,0.0,0.0,0.0,0.0,0.0,0.0,0.0,0.0,0.0,0.0,0.0,0.0,0.0,0.309,0.0,0.0,1.333,11,56,1
0.0,0.0,0.0,0.0,0.0,0.0,0.0,0.0,0.0,0.0,0.0,0.0,0.0,0.0,0.0,0.0,0.0,0.0,0.0,0.0,0.0,0.0,0.0,0.0,0.0,0.0,0.47,0.0,0.47,0.0,0.0,0.0,0.47,0.0,0.0,0.0,0.0,0.0,0.0,0.0,0.0,0.0,0.0,0.0,0.0,0.0,0.0,0.0,0.0,0.074,0.298,0.0,0.0,0.074,4.268,28,286,0
0.52,0.0,2.38,0.0,0.26,0.0,0.26,0.0,0.52,0.0,0.26,0.0,0.0,0.0,0.0,0.79,0.0,0.0,1.32,0.0,1.05,0.0,0.0,0.52,0.0,0.0,0.0,0.0,0.0,0.0,0.0,0.0,0.26,0.0,0.0,0.26,0.26,0.0,0.52,0.0,0.0,0.0,0.0,0.0,0.0,0.0,0.0,0.0,0.0,0.656,0.0,0.31,0.0,0.0,5.549,71,566,1
0.0,0.0,0.0,0.0,0.8,0.0,0.0,0.0,0.0,0.0,0.0,0.0,0.0,0.0,0.0,0.0,0.0,0.0,0.0,0.0,1.61,0.0,0.0,0.0,0.0,0.0,0.0,0.0,0.0,0.0,0.0,0.0,1.61,0.0,0.0,0.0,0.0,0.8,0.0,0.0,0.0,0.8,0.0,0.0,0.0,0.0,0.0,0.0,0.0,0.0,0.0,0.0,0.0,0.0,1.35,3,54,0
0.86,0.0,0.86,0.0,0.0,0.0,0.0,0.0,0.0,0.0,0.0,0.0,0.0,0.0,0.0,0.86,3.44,0.0,4.31,0.0,0.86,0.0,0.86,0.0,0.0,0.0,0.0,0.0,0.0,0.0,0.0,0.0,0.0,0.0,0.0,0.0,0.0,0.0,0.0,0.0,0.0,0.0,0.0,0.0,0.0,0.0,0.0,0.0,0.0,0.0,0.0,0.928,0.154,0.154,2.409,7,53,1
0.0,0.0,0.0,0.0,0.0,0.0,0.0,0.0,0.0,0.0,0.0,0.0,0.0,0.0,0.0,0.0,0.0,0.0,0.0,0.0,0.0,0.0,0.0,0.0,0.0,0.0,8.33,0.0,0.0,0.0,0.0,0.0,0.0,0.0,0.0,0.0,0.0,0.0,0.0,0.0,0.0,0.0,0.0,0.0,0.0,0.0,0.0,8.33,0.0,0.0,0.0,0.0,0.0,0.0,1.5,3,12,0
0.0,0.0,0.0,0.0,0.14,0.0,0.0,0.14,0.0,0.0,0.0,0.73,0.0,0.0,0.0,0.0,0.0,0.0,0.14,0.0,0.0,0.0,0.0,0.0,2.48,1.6,0.0,0.0,0.0,0.14,0.0,0.0,0.0,0.0,0.0,0.0,1.16,0.0,0.29,0.0,1.16,0.0,0.0,0.0,0.14,3.07,0.0,0.0,0.144,0.433,0.082,0.02,0.0,0.0,4.113,52,654,0
0.54,0.0,1.08,0.0,0.54,0.0,1.08,0.0,0.0,0.0,0.0,0.54,0.0,0.0,0.0,0.54,0.54,0.0,4.32,0.0,1.08,0.0,1.62,0.0,0.0,0.0,0.0,0.0,0.0,0.0,0.0,0.0,0.0,0.0,0.0,0.0,0.0,0.0,0.0,0.0,0.0,0.0,0.0,0.0,0.54,0.0,0.0,0.0,0.0,0.0,0.0,1.18,0.252,0.0,5.323,68,181,1
0.34,0.42,0.25,0.0,0.08,0.42,0.08,0.25,0.08,1.63,0.34,0.51,0.94,0.0,0.17,0.08,0.0,0.0,3.0,0.0,0.94,0.0,0.34,0.34,0.0,0.0,0.0,0.0,0.0,0.0,0.0,0.0,0.0,0.0,0.0,0.0,0.0,0.0,0.0,0.0,0.0,0.0,0.0,0.0,0.17,0.0,0.0,0.0,0.0,0.063,0.0,0.287,0.223,0.079,3.314,62,537,1
0.0,3.36,1.92,0.0,0.0,0.0,0.0,0.0,0.0,4.32,0.0,1.44,0.0,0.0,0.0,0.0,0.0,0.0,0.48,0.0,0.0,0.0,0.0,0.0,0.0,0.0,0.0,0.0,0.0,0.0,0.0,0.0,0.0,0.0,0.0,0.0,0.0,0.0,0.0,0.0,0.0,0.0,0.0,0.0,0.0,0.0,0.0,0.0,0.0,0.695,0.0,0.347,0.0,0.0,6.137,107,178,0
0.0,0.0,0.0,0.0,0.0,0.0,0.0,0.0,0.0,0.0,0.0,0.0,0.0,0.0,0.0,0.0,0.0,0.0,1.33,0.0,1.33,0.0,0.0,0.0,4.0,0.0,0.0,0.0,0.0,0.0,0.0,0.0,0.0,0.0,0.0,0.0,0.0,0.0,0.0,0.0,0.0,0.0,0.0,0.0,0.0,0.0,0.0,0.0,0.211,0.0,0.0,0.211,0.0,0.0,1.38,4,29,0
0.0,1.63,0.0,0.0,0.0,0.0,3.27,0.0,0.0,0.0,0.0,0.0,0.0,0.0,0.0,1.63,1.63,0.0,0.0,0.0,1.63,0.0,0.0,0.0,0.0,0.0,0.0,0.0,0.0,0.0,0.0,0.0,0.0,0.0,0.0,0.0,1.63,0.0,0.0,0.0,0.0,0.0,0.0,0.0,0.0,0.0,0.0,0.0,0.0,0.36,0.0,0.54,0.18,0.18,14.818,140,163,1
0.0,0.0,0.0,0.0,0.0,0.0,0.0,0.0,0.0,0.0,0.0,0.0,0.0,0.0,0.0,0.0,0.0,0.0,2.85,0.0,0.0,0.0,0.0,0.0,0.0,0.0,0.0,0.0,0.0,0.0,0.0,0.0,0.0,0.0,2.85,0.0,0.0,0.0,0.0,0.0,0.0,2.85,0.0,0.0,0.0,0.0,0.0,0.0,0.0,0.0,0.0,0.436,0.0,0.0,3.071,13,43,0
0.0,0.0,0.0,0.0,0.0,0.77,0.0,0.0,0.0,0.0,0.0,0.0,0.0,0.0,0.0,0.0,0.0,0.0,7.75,0.0,0.0,0.0,0.0,0.0,0.0,0.0,0.0,0.0,0.0,0.0,0.0,0.0,0.0,0.0,0.0,0.0,0.0,0.0,0.0,0.0,0.0,0.0,0.0,0.0,0.0,0.0,0.0,0.0,0.0,0.156,0.0,0.312,0.0,0.0,1.08,2,27,0
0.5,0.46,0.34,0.0,0.15,0.03,0.0,0.19,0.57,0.65,0.3,0.73,0.65,1.27,0.03,0.23,0.42,0.0,3.08,0.0,1.34,0.0,0.5,0.5,0.0,0.0,0.0,0.0,0.0,0.0,0.0,0.0,0.0,0.0,0.0,0.0,0.0,0.0,0.0,0.0,0.0,0.0,0.0,0.0,0.03,0.0,0.0,0.0,0.011,0.077,0.0,0.335,1.281,0.125,7.202,595,2413,1
0.0,0.0,0.18,0.0,0.56,0.0,0.0,0.0,0.0,0.0,0.0,0.75,0.37,0.0,0.0,0.0,0.0,0.0,0.0,0.0,0.0,0.0,0.0,0.0,3.03,0.0,0.0,0.0,0.0,0.0,0.0,0.0,0.0,0.0,0.0,0.18,0.18,0.0,0.0,0.0,0.0,0.0,0.18,0.0,0.18,0.0,0.0,0.0,0.0,0.056,0.0,0.0,0.112,0.0,2.188,19,232,0
0.58,0.0,0.0,35.46,0.58,0.0,0.58,0.58,0.0,0.0,0.0,0.0,0.0,0.58,0.0,0.58,0.58,0.58,0.58,0.0,1.74,0.0,0.0,1.16,0.0,0.0,0.0,0.0,0.0,0.0,0.0,0.0,0.0,0.0,0.0,0.0,0.0,0.0,0.0,0.0,0.0,0.0,0.0,0.0,0.0,0.0,0.0,0.0,0.0,0.0,0.0,0.239,0.239,0.0,3.338,123,207,1
0.0,0.79,0.0,0.0,0.0,0.0,0.0,0.0,0.0,0.0,0.0,0.0,0.0,0.0,0.0,0.79,0.79,1.58,3.17,0.0,1.58,0.0,0.0,0.0,0.0,0.0,0.0,0.0,0.0,0.0,0.0,0.0,0.0,0.0,0.0,0.0,0.0,0.0,0.0,0.0,0.0,0.0,0.0,0.0,0.79,0.0,0.0,0.0,0.0,0.271,0.0,0.271,0.135,0.0,3.257,26,114,1
0.0,0.0,0.71,0.0,0.23,0.0,0.0,0.0,0.23,0.23,0.23,1.9,0.0,0.0,0.0,0.23,0.0,0.0,3.81,0.23,1.19,0.0,0.0,0.0,0.0,0.0,0.0,0.0,0.0,0.0,0.0,0.0,0.0,0.0,0.0,0.0,0.0,0.0,0.0,0.0,0.0,0.0,0.0,0.0,0.0,0.0,0.0,0.0,0.0,0.109,0.0,1.018,0.036,0.0,4.022,97,543,1
0.0,0.0,0.0,0.0,0.0,0.0,0.0,0.0,0.0,0.0,0.0,0.0,0.0,0.0,0.0,0.0,0.0,0.0,0.0,0.0,0.0,0.0,0.0,0.0,0.0,0.0,0.84,0.0,0.84,0.0,0.0,0.0,0.84,0.0,0.0,0.0,0.0,0.0,0.0,0.0,0.0,0.0,0.0,0.0,0.0,0.0,0.0,0.0,0.0,0.273,0.136,0.0,0.0,0.136,3.571,28,150,0
0.0,0.0,0.0,0.0,0.0,0.0,0.0,0.0,0.0,0.0,0.0,0.0,0.0,0.0,0.0,0.0,0.0,0.0,2.46,0.0,0.0,0.0,0.0,0.0,0.0,0.0,0.0,0.0,0.0,0.0,0.0,0.0,0.0,0.0,0.0,0.0,0.61,0.0,0.0,0.0,0.0,0.0,0.0,0.0,0.61,0.0,0.0,0.0,0.0,0.118,0.0,0.0,0.118,0.0,1.59,5,35,0
0.51,0.51,0.0,0.0,0.0,0.0,0.51,0.0,0.0,0.51,0.0,0.0,0.0,0.0,0.51,2.07,0.0,2.07,1.03,0.0,1.03,0.0,0.0,0.0,0.0,0.0,0.0,0.0,0.0,0.0,0.0,0.0,0.0,0.0,0.0,0.0,0.0,0.0,0.0,0.0,0.0,0.0,0.0,0.0,0.0,0.0,0.0,0.0,0.0,0.135,0.0,0.067,0.0,0.0,2.676,17,91,1
2.43,0.0,0.0,0.0,0.0,0.0,0.0,0.0,0.0,0.0,0.0,0.0,0.0,0.0,0.0,0.0,0.0,0.0,0.0,0.0,0.0,0.0,0.0,0.0,0.0,0.0,0.0,0.0,0.0,0.0,0.0,0.0,0.0,0.0,0.0,0.0,0.0,0.0,0.0,0.0,0.0,0.0,0.0,0.0,0.0,0.0,0.0,0.0,0.0,0.0,0.0,0.0,0.0,0.0,3.666,13,44,1
0.46,0.0,0.46,0.0,0.0,0.0,0.0,0.46,0.0,0.0,0.0,1.38,0.0,0.0,2.31,0.0,0.46,0.46,2.77,0.0,2.31,0.0,1.38,0.0,0.0,0.0,0.0,0.0,0.0,0.0,0.0,0.0,0.0,0.0,0.0,0.0,0.0,0.0,0.0,0.46,0.0,0.0,0.0,0.0,0.0,0.0,0.0,0.0,0.0,0.49,0.0,0.081,0.816,0.0,3.4,12,102,1
0.0,0.0,0.0,0.0,0.0,0.0,0.0,0.0,0.0,2.5,0.0,0.0,0.0,0.0,0.0,0.0,0.0,0.0,2.5,0.0,2.5,0.0,0.0,0.0,0.0,0.0,0.0,0.0,0.0,0.0,0.0,0.0,0.0,0.0,0.0,0.0,0.0,0.0,0.0,0.0,0.0,0.0,0.0,0.0,0.0,0.0,0.0,0.0,0.0,0.0,0.0,0.0,0.0,0.0,1.416,3,17,0
0.0,14.28,0.0,0.0,0.0,0.0,0.0,0.0,0.0,0.0,0.0,0.0,0.0,0.0,0.0,0.0,0.0,0.0,0.0,0.0,0.0,0.0,0.0,0.0,0.0,0.0,0.0,0.0,0.0,0.0,0.0,0.0,0.0,0.0,0.0,0.0,0.0,0.0,0.0,0.0,0.0,0.0,0.0,0.0,0.0,0.0,0.0,0.0,0.0,0.0,0.0,0.0,0.0,0.0,1.8,5,9,0
0.0,0.0,0.94,0.0,0.0,0.0,0.0,0.0,0.0,0.0,0.0,0.0,0.0,0.0,0.0,0.47,0.0,0.0,0.0,0.0,0.47,0.0,0.0,0.0,0.0,0.0,0.0,0.94,0.47,0.0,0.0,0.0,0.0,0.0,0.0,0.0,0.0,0.0,0.47,0.0,0.0,0.0,0.0,0.0,0.0,0.94,0.0,0.0,0.0,0.332,0.0,0.0,0.0,0.0,1.518,15,161,1
0.0,0.0,0.0,0.0,0.0,0.0,0.0,0.0,0.0,1.08,0.0,0.0,0.0,0.0,0.0,3.26,0.0,0.0,5.43,0.0,0.0,0.0,0.0,0.0,0.0,0.0,0.0,0.0,0.0,0.0,0.0,0.0,0.0,0.0,0.0,0.0,0.0,0.0,0.0,0.0,0.0,0.0,0.0,0.0,0.0,0.0,0.0,0.0,0.0,0.0,0.0,2.152,0.0,0.0,5.21,36,99,1
0.0,3.36,1.92,0.0,0.0,0.0,0.0,0.0,0.0,4.32,0.0,1.44,0.0,0.0,0.0,0.0,0.0,0.0,0.48,0.0,0.0,0.0,0.0,0.0,0.0,0.0,0.0,0.0,0.0,0.0,0.0,0.0,0.0,0.0,0.0,0.0,0.0,0.0,0.0,0.0,0.0,0.0,0.0,0.0,0.0,0.0,0.0,0.0,0.0,0.695,0.0,0.347,0.0,0.0,6.137,107,178,0
0.12,0.19,0.7,0.0,0.44,0.0,0.06,0.0,0.57,0.5,0.25,0.95,0.06,0.0,0.19,0.0,0.06,0.0,3.82,0.19,2.48,0.0,0.0,0.19,0.0,0.0,0.0,0.0,0.0,0.0,0.0,0.0,0.0,0.0,0.06,0.0,0.0,0.0,0.0,0.0,0.0,0.06,0.0,0.0,0.0,0.0,0.0,0.0,0.0,0.102,0.0,0.133,0.041,0.143,3.29,74,1030,1
0.97,0.0,0.0,0.0,0.48,0.0,0.0,0.0,0.0,0.0,0.0,0.0,0.0,0.0,0.0,0.48,0.0,0.0,2.42,0.0,0.0,0.0,0.0,0.0,0.0,0.0,0.0,0.0,0.0,0.0,0.0,0.0,0.0,0.0,0.0,0.0,0.0,0.0,0.0,0.0,0.0,0.48,0.0,0.0,0.48,0.97,0.0,0.0,0.0,0.15,0.0,0.0,0.0,0.075,3.367,21,165,0
0.0,0.0,0.0,0.0,0.0,0.0,0.0,0.0,0.89,0.0,0.0,0.0,0.0,0.0,0.0,0.0,0.0,0.0,0.89,0.0,3.57,0.0,0.0,0.0,0.0,0.0,0.0,0.0,0.0,0.0,0.0,0.0,0.0,0.0,0.0,0.0,0.0,0.0,0.0,0.0,0.0,0.0,0.0,0.0,0.0,0.0,0.0,0.0,0.0,0.13,0.0,0.52,0.0,0.0,3.5,46,105,1
0.0,0.0,0.0,0.0,0.0,0.0,0.0,0.0,0.0,0.0,0.0,0.0,0.0,0.0,0.0,0.0,0.0,0.0,0.0,0.0,0.0,0.0,0.0,0.0,0.0,0.0,25.0,0.0,0.0,0.0,0.0,0.0,0.0,0.0,0.0,0.0,0.0,0.0,0.0,0.0,0.0,0.0,0.0,0.0,0.0,0.0,0.0,0.0,0.0,0.0,0.0,0.0,0.0,0.0,1.0,1,4,0
0.0,0.0,0.0,0.0,0.0,1.12,0.0,0.0,0.0,1.12,0.0,0.0,0.0,0.0,0.0,0.0,0.0,1.12,2.24,0.0,1.12,0.0,1.12,0.0,0.0,0.0,0.0,0.0,0.0,0.0,0.0,0.0,0.0,0.0,0.0,0.0,0.0,0.0,0.0,0.0,0.0,0.0,0.0,0.0,0.0,0.0,0.0,0.0,0.0,0.375,0.0,0.0,6.003,0.0,3.75,14,45,1
0.0,0.0,0.53,0.0,0.53,0.0,0.0,0.53,0.0,1.07,1.07,0.0,0.0,0.0,0.0,1.07,0.0,0.0,3.76,0.0,1.07,0.0,0.0,0.0,0.0,0.0,0.0,0.0,0.0,0.0,0.0,0.0,0.0,0.0,0.0,0.0,0.0,0.0,0.0,0.0,0.0,0.0,0.0,0.0,0.53,0.0,0.0,0.0,0.0,0.294,0.0,0.367,0.0,0.0,2.161,21,67,0
