Area,Perimeter,MajorAxisLength,MinorAxisLength,AspectRation,Eccentricity,ConvexArea,EquivDiameter,Extent,Solidity,roundness,Compactness,ShapeFactor1,ShapeFactor2,ShapeFactor3,ShapeFactor4,class
37679,725.5759999999999,271.521090745286,177.12691395853184,1.532918316461231,0.7579174432983402,38108,219.0305750484991,0.7435275080906149,0.9887425212553794,0.8993803899812581,0.8066797847905368,0.0072061649923109,0.001882299207014,0.6507322751897068,0.9975194237507916,6
67906,1076.897,376.54901210072126,230.2220141081617,1.6355908168009208,0.7913218109641325,69325,294.041841452515,0.7557034432103986,0.9795311936530832,0.7358167654327173,0.7808859723521546,0.0055451508276252,0.0012718726002915,0.6097829018163702,0.9973553144530726,0
137518,1417.9439999999995,519.7799999097848,339.9302724401023,1.5290782906114166,0.756504272831811,139153,418.44157980880686,0.778239315465411,0.9882503431474708,0.8595106317378766,0.8050359380534714,0.0037797233810103,0.0009792663997942,0.6480828615576326,0.9909694341251004,1
36455,718.497,278.7936452021987,167.21601668639903,1.667266394253698,0.8001618227232092,36844,215.44360655011403,0.7735316584620607,0.9894419715557484,0.8873951450098229,0.7727708656840466,0.0076476106213742,0.0016823195497469,0.597174810850071,0.995649493625132,3
185950,1641.868,622.9177351471676,383.0486917888178,1.6262103186886598,0.7885843411567776,188551,486.5787637613293,0.8139209146378829,0.9862053237585588,0.8668212902716866,0.7811284481190321,0.003349920597726,0.0007693148134642,0.6101616524608475,0.992251175299954,1
60444,1015.689,353.441573861264,218.53847986479087,1.6172967528644715,0.7859298156593806,61940,277.41609730145825,0.7448979591836735,0.9758475944462384,0.7362775573847655,0.784899451048597,0.0058474219750721,0.0013689900751743,0.6160671482563891,0.9963633984215332,0
36000,691.429,221.6979748646717,207.23462388830407,1.0697921549256322,0.3552771394912305,36450,214.0948939383325,0.7794063521617701,0.9876543209876544,0.9462746006038976,0.9657052305913923,0.0061582770795742,0.0033038271879593,0.9325865923915746,0.9976738203293348,5
88464,1128.201,428.39705810737695,265.07589362008866,1.616129827034981,0.7855783704004843,89654,335.61266824339543,0.7840606941539334,0.9867267495036474,0.8733804693623232,0.7834149695754323,0.0048426146015031,0.001125193289063,0.6137390145548758,0.9918819274371912,2
60950,993.7239999999998,404.9700226284092,192.33317197720544,2.1055651423271105,0.8800225647965557,61620,278.574855741878,0.732924482924483,0.989126906848426,0.7756253883504604,0.6878900663654595,0.0066442989766761,0.0009177091904003,0.4731927434042763,0.996338146114181,4
55319,933.642,380.0179283819426,187.02915517701925,2.031864647104156,0.8705054553469206,55840,265.39468415023777,0.8082610093217615,0.9906697707736388,0.797486654785573,0.6983741142957312,0.0068695733542172,0.0010080035518186,0.4877264035183469,0.9909940367681852,4
84870,1160.1649999999995,449.832097734101,244.34854629444325,1.8409444400460944,0.839603693319461,87068,328.72456580193887,0.7551249199231262,0.9747553636238342,0.7923636561095453,0.730771697835245,0.0053002485888311,0.0009324013172845,0.5340272743570067,0.983114541560502,2
34276,689.6259999999999,229.5589772149625,190.41150657850127,1.2055940386161583,0.5585563026546196,34738,208.90562135888644,0.7631133671742809,0.986700443318556,0.9056757611201464,0.9100302845628382,0.0066973677563006,0.0028333960937695,0.8281551188215203,0.9984188743006812,5
29047,694.716,230.95785089407468,160.5771096920584,1.43829871727662,0.7187526547442341,29737,192.3116976575327,0.7789487798337356,0.9767965833809732,0.7563042594156855,0.8326701037140043,0.0079511774329216,0.0023577790019889,0.6933395016190907,0.997229315815949,3
31972,663.1639999999999,253.7896425879613,160.82827216448842,1.5780163473272657,0.7735731655769469,32272,201.7622727971526,0.7409158324063775,0.9907040158651462,0.9135614885844732,0.79499805720883,0.0079378719688465,0.0019559066439342,0.6320219109658141,0.997340907373072,3
170067,1545.389,549.5836287783544,396.7035678239879,1.385376067558327,0.6920749313765512,171795,465.3343203058151,0.7853837628151843,0.9899415000436568,0.8948583224763735,0.8467033876903985,0.0032315712559071,0.0010245158670573,0.7169066267263973,0.9931852833407218,1
74699,1078.742,414.6593349643754,231.26112445655696,1.7930351931773572,0.8300334995459621,76482,308.3986393487687,0.780741453013786,0.976687325122251,0.806658057046696,0.7437397722524783,0.0055510694248166,0.0010477084520331,0.5531488488301683,0.9918153530180336,2
52034,865.3309999999999,320.3232940887517,210.4183111201502,1.522316629116204,0.7539833168942793,52543,257.3941461470121,0.663775178273016,0.9903126962678188,0.8732378504920659,0.8035448901062316,0.0061560382459305,0.0015831484744487,0.6456843904158361,0.9829360846907867,6
41869,741.2429999999999,256.3946009994205,208.18346834852431,1.231580024261028,0.5837059817758034,42231,230.88799557039889,0.7691982657260436,0.9914280978428168,0.9575936161496196,0.9005181648537158,0.0061237335737519,0.002484082188348,0.8109329652315043,0.9987288409938834,5
30057,633.911,234.2013461578113,163.71451354601223,1.4305472440107676,0.7150892270389608,30379,195.62658560662143,0.7771084337349398,0.9894005727640804,0.9399373760394436,0.8352923192627719,0.0077919069154543,0.0023397931774844,0.6977132586193804,0.9981117792277266,3
87279,1114.925,426.5637511078591,262.0567370521769,1.6277534243392795,0.7890385697888523,88382,333.357277144118,0.8124569471077765,0.987520083274875,0.8823244582864949,0.7814946213276024,0.004887358369228,0.0011244960161285,0.6107338431639726,0.9941241045700449,2
51426,902.873,373.5488404086699,175.8841789730347,2.123834233356144,0.8822151301735687,52047,255.88594495898064,0.7211206775668172,0.9880684765692548,0.7927555256571326,0.6850133564302765,0.0072638128652562,0.0009865987655476,0.469243298487873,0.9965949811014998,4
203793,1754.602,664.2640947788259,397.0850735369588,1.6728508298285336,0.8016587568853512,207056,509.3891503950717,0.7978116191669277,0.9842409782860676,0.831843996159264,0.7668473343643215,0.0032595039808964,0.0006952915119226,0.5880548342216657,0.9837280174123942,1
81699,1101.859,414.10862210237127,252.46941057868867,1.6402328549553276,0.7926557005151145,82600,322.5250340133585,0.7206530943476113,0.98909200968523,0.8456186605513595,0.778841629464135,0.0050687110258677,0.0011504663534762,0.6065942837863488,0.9949558738944648,2
45738,786.456,290.0632964744967,201.21202267100816,1.4415803420890254,0.7202802790301958,46160,241.32018211723792,0.7455985915492958,0.9908578856152512,0.929261991338182,0.8319569730134938,0.0063418447784008,0.0018741262139773,0.6921524049457751,0.9977933006994724,5
39257,723.5260000000001,255.08066684334847,196.29999240458983,1.299443080556045,0.6385739706204546,39588,223.5700445222219,0.7604556108711233,0.991638880468829,0.942364001592107,0.8764680102530936,0.006497711665266,0.0023652904426948,0.768196172997017,0.9982272015106084,5
43917,762.4559999999999,267.02177058049085,210.0972821660456,1.2709434783142808,0.6171862990654561,44291,236.46746306021495,0.7702304535409871,0.9915558465602492,0.9493207131034044,0.8855737213716602,0.0060801459703643,0.002306708157901,0.7842408159840509,0.9967257505027995,5
62599,989.399,363.7363749081276,221.0639331726245,1.6453899543354864,0.7941217832504229,63931,282.3181224450114,0.7806140263367917,0.9791650373058454,0.8035896331216335,0.7761613682885556,0.00581057804291,0.0013007900101931,0.6024264696235629,0.9912264613444024,0
49157,848.7929999999999,328.41448910237204,191.2522156206612,1.7171800495831384,0.8129380930420953,49734,250.17720979447023,0.745525964571706,0.9883982788434472,0.8574161430423697,0.7617727539313469,0.0066809302663378,0.0013877730289461,0.5802977286321485,0.9964756824255352,6
70966,1038.1280000000002,361.02011915295645,251.0130272751992,1.4382525204843275,0.718731051820591,72074,300.5939412757276,0.7643985824922715,0.9846269112301246,0.8274816681075305,0.8326237938788458,0.0050872265472614,0.0015081901888389,0.6932623821332028,0.9970863684600478,0
160273,1550.0259999999998,599.0795386160738,343.5747121937734,1.743665984003496,0.8192025257180102,163513,451.73656211705816,0.8088713259043928,0.9801850617382104,0.8382860982513995,0.7540510616680536,0.0037378693767264,0.0007454300672358,0.5685930036027186,0.991436279124438,1
145339,1465.758,543.2584514086767,342.46875483305183,1.586300775594862,0.7762725206496314,147256,430.1759665442315,0.6959580142985065,0.9869818547291792,0.8500950460435313,0.7918440392943346,0.0037378711248094,0.000906489324279,0.6270169825659676,0.9946375257555444,1
72788,1060.865,393.27733293881886,236.87747167399755,1.6602563771031231,0.7982572868975438,73784,304.4282509593731,0.6962560501999197,0.9865011384582024,0.8127358323241289,0.7740803383823095,0.0054030517796727,0.0011966386844634,0.5992003702700707,0.9948262359034374,0
57761,910.99,330.2813373139707,223.64553003792795,1.476807237139765,0.7358574842670521,58490,271.18921317679235,0.7912682539247651,0.9875363309967516,0.8746158591835763,0.821085488457362,0.0057180682002384,0.0016031811589736,0.6741813793552647,0.9956359401767242,0
183019,1641.7579999999998,624.628080918601,375.9565751334858,1.6614367781620063,0.7985799954566399,184890,482.728731523083,0.7167518455423055,0.9898804694683324,0.8532725209083523,0.7728258563290406,0.0034129138554936,0.0007509856947327,0.5972598042107148,0.9923094048335206,1
67063,990.719,370.0897581639312,231.6978532478427,1.5972947223125689,0.7797760613821408,68087,292.210991560164,0.7177119006849315,0.9849604182883664,0.8586019240648124,0.789567895663649,0.0055185386601245,0.0013230058891821,0.6234174618627231,0.9957814216308248,0
39704,736.8729999999999,271.65991893395807,186.48140432068848,1.4567668016205504,0.7271754315912995,40106,224.83928234222088,0.7577388449940837,0.9899765621104074,0.9188800844045596,0.8276498175532492,0.0068421297333759,0.0019804211780972,0.6850042204959266,0.9978914073884292,3
31330,647.232,236.19967964938337,169.29050725380822,1.395232866159836,0.6973546466105827,31623,199.7263000622418,0.8009305417082087,0.9907345919109508,0.9398321479778676,0.8455824341451988,0.0075390896792015,0.0023775107106839,0.7150096529349197,0.997604967396338,3
23562,612.0840000000001,246.25045162100983,122.51265345074418,2.010000148433762,0.8674568639308472,23959,173.20528327118055,0.6982574679943101,0.9834300262949204,0.7903145207540521,0.7033704187383625,0.0104511693243786,0.0015779056987465,0.4947299459561794,0.9944072648065476,3
70331,1037.407,403.1301198680945,224.9070412231327,1.7924299642897563,0.8299069354176194,71883,299.2460700172497,0.7915522441813353,0.978409359653882,0.8212177131672931,0.7423064049770431,0.0057318980231774,0.0010735222482793,0.5510187988699421,0.9876626059814348,2
72924,1041.775,389.4012176249349,238.91012383606585,1.6299067254769506,0.7896698263244433,73829,304.7125211740847,0.7254675686430561,0.98774194422246,0.8443693958770548,0.782515583881864,0.0053398225224197,0.0012350330135328,0.6123306390179745,0.9980418267509954,0
190062,1654.448,631.5148943633628,384.6502895300405,1.6417897283658291,0.7931000375297561,191654,491.9293184507857,0.7637183361193263,0.9916933640831916,0.8725672642387103,0.7789670882532471,0.0033226783595003,0.0007546481318312,0.6067897245817421,0.9962211370962348,1
230867,1815.073,671.6153919037116,440.6864180199469,1.524021082658627,0.7546227504637221,233243,542.1706317888979,0.7410628019323672,0.9898131991099413,0.8806098330055906,0.8072635593596224,0.002909100875845,0.0007620789006426,0.6516744542699667,0.9931656073374844,1
40813,743.968,276.85442139964164,188.37173908410395,1.4697237640091652,0.7328409686951195,41177,227.9577275270049,0.8019058846645054,0.9911601136556816,0.9266161635200388,0.8233848185431216,0.0067834861784147,0.0019232871424585,0.6779625594072893,0.9964176846693688,3
156910,1480.479,541.9193789200076,370.5670439836373,1.4624057581977974,0.7296650378829577,158236,446.97205389643136,0.7655416020217988,0.9916201117318436,0.8996135402798198,0.8247943721577239,0.003453695614811,0.0009859311262905,0.6802857563430541,0.994853807296026,1
43314,783.459,284.04340723857297,196.07989017068945,1.448610599441434,0.723507386372327,44156,234.83845008996892,0.7216113554578168,0.9809312437720809,0.8867590071153103,0.8267695855821222,0.0065577736352812,0.0018900537347184,0.6835479476436342,0.9901948021830068,6
35452,703.811,265.07519751925537,170.52405724736738,1.5544739070730016,0.7656104554996351,35847,212.4591451078324,0.7112020542449045,0.9889809468016848,0.8993702223141669,0.8015051845520142,0.0074770167414886,0.0019034148776324,0.6424105608637585,0.9986104544908452,3
35858,696.918,260.7961094467005,175.47281888001163,1.4862479050104789,0.739792341748567,36151,213.67223402939717,0.8225066519864208,0.9918951066360544,0.927753419325977,0.8193075981183908,0.0072730244142646,0.0020215418566264,0.6712649403345268,0.9976661112791744,3
56679,911.1329999999998,355.9458366009752,204.89144935545715,1.737241049934985,0.8177135489213879,57531,268.6371980125692,0.8103019385829473,0.985190592897742,0.857962864134953,0.7547136962686789,0.0062800302863666,0.0012568123130197,0.5695927633355317,0.9895199302123884,2
71126,1037.583,403.791109650637,225.4813440171916,1.7907960918480708,0.829564525842828,71831,300.9326101618653,0.7384650525354043,0.9901852960420988,0.8302187823303206,0.7452680432271883,0.0056771238316598,0.001080334206037,0.5554244562556823,0.9946519455795156,2
26264,595.114,219.88839606699435,152.2208553410323,1.4445352811502812,0.7216441890924553,26551,182.86706483925505,0.7999512670565302,0.9891906142894806,0.9319023341116616,0.8316358121214371,0.0083722356102267,0.0024703241011351,0.6916181240028823,0.9990667812051336,3
71540,1024.667,404.2473611021698,228.24144365592176,1.7711391701131205,0.825358945217107,73026,301.80715205301806,0.8069937958262832,0.9796510831758553,0.8562356388464012,0.7465902838058084,0.0056506480444809,0.0010829473806107,0.5573970518732373,0.9872277518782656,2
25098,581.869,207.7521342229261,154.42720609641825,1.3453078604116806,0.6689312454479988,25444,178.76175791752303,0.7166761850371216,0.9864015091966672,0.9315336311195708,0.8604569025784581,0.0082776370317525,0.0027989982897193,0.7403860811949142,0.9960472147709188,3
39826,732.9759999999999,247.0394731059577,205.71307829005525,1.2008933761500191,0.5537042551628498,40266,225.1844535233785,0.7917536430687263,0.989072666766006,0.931530424999172,0.9115322773814152,0.0062029697460442,0.0026416035056728,0.8308910927081489,0.9978116095352676,5
60658,987.242,410.53860645827126,190.22011182486767,2.1582292351728136,0.8861791239672705,61495,277.9067546939899,0.7387407136767751,0.986389137328238,0.7820791438246112,0.6769320846375442,0.0067680867562114,0.0008766496734268,0.4582370472117313,0.9889805919316236,4
161473,1556.283,605.2850030335993,343.0184744675564,1.7645842661190216,0.8239202783113665,163971,453.42453507394254,0.8000644122383253,0.9847655987949088,0.8377850980408966,0.7491091515590929,0.0037485214434214,0.0007281488586512,0.5611645209495839,0.990222084371854,1
54096,935.844,389.463692444593,178.27501084830524,2.184623019184606,0.8890835875057681,54749,262.4445968428258,0.6141410471822352,0.988072841513087,0.7761900958468959,0.6738615227404348,0.0071994915048172,0.0009157232108263,0.4540893518300575,0.992014050774561,4
49755,868.813,332.0911111573769,191.9920822953887,1.7297125339077228,0.815944139583643,50783,251.6943256179964,0.7342827626918536,0.9797570052970482,0.8283120385382642,0.7579074451610941,0.006674527407444,0.0013585166848665,0.574423695430617,0.9935878657599304,0
39451,742.1,278.384602266547,180.723853060841,1.5403866039356096,0.7606282672572934,39878,224.1217822509604,0.7998986212489863,0.989292341642008,0.9002083085563365,0.8050796647020327,0.0070564650393284,0.0018286154513491,0.6481532665167374,0.9984066090394892,6
48733,863.324,353.4646148855749,177.24239124442235,1.994244223426985,0.8651906265411099,49160,249.09593078486583,0.6942813995896968,0.9913140764849472,0.8216472061258322,0.704726641068454,0.0072530854838728,0.0011035329807424,0.4966396386316256,0.9904207304659848,4
35755,756.893,306.60878207437884,149.3572951008727,2.0528544110771545,0.8733313635838391,36384,213.36513286384383,0.7793156059285091,0.98271218117854,0.784291790123483,0.69588721960379,0.0085752700901798,0.0012404607077286,0.4842590224078935,0.9941132702539548,4
93526,1168.211,449.6039135430275,266.62235323849137,1.6862948964405122,0.8051906117642278,94399,345.0811522829099,0.7761751427433276,0.9907520206781852,0.8611913160760467,0.7675225723983502,0.0048072612272846,0.0010290633518144,0.5890908991409806,0.993380976760988,2
27275,605.43,219.92073623219255,158.4897956785521,1.387601866042116,0.6932805388174406,27604,186.35345068619355,0.7525383511753669,0.98808143747283,0.9350756526169026,0.847366437012294,0.00806308840448,0.0025642845579682,0.7180298785749099,0.996339599384539,3
62839,952.704,360.6232376107519,222.5298568028776,1.62056113634316,0.7869080991321159,63383,282.8587982573865,0.7987060857186435,0.9914172569932,0.8700078113474834,0.7843609860845893,0.0057388443102333,0.0013398868996663,0.6152221564915893,0.9970051170274994,0
45904,833.5999999999999,329.0114501738361,179.23134943754326,1.8356802602129976,0.8385938325477286,46654,241.75770527849343,0.7165334665334665,0.983924207999314,0.8301278475938711,0.734800278685616,0.0071673808420581,0.001288894865568,0.5399314495564591,0.9911415038189818,6
153644,1506.502,559.4930681285684,354.490224650835,1.5783032343971028,0.773667513029982,157005,442.2958473819185,0.7639571192744485,0.9785930384382664,0.8507188267755527,0.7905296286535607,0.0036414898605124,0.0008772663570878,0.6249370937791364,0.9863402364063366,1
66744,986.985,380.8264966931668,224.21506421947328,1.6984875571089826,0.8083085586393239,67410,291.5151800057824,0.8068665377176015,0.9901201602136182,0.8609957144747682,0.7654802975557059,0.0057057787470509,0.0012084557648229,0.585960085945972,0.9952459149417434,2
32858,669.8850000000001,247.76039096800437,169.1604878721293,1.4646469402198097,0.7306442147853925,33196,204.5387615121104,0.7652072659524919,0.989818050367514,0.9201327376536658,0.8255506891677631,0.0075403369337149,0.0021604563303293,0.6815339403853686,0.99820660044138,3
23310,567.128,216.48263594846432,137.55906618490525,1.5737431341491586,0.772160360301833,23537,172.2765619223249,0.8068535825545171,0.9903556103156732,0.9107306617715804,0.7957985229047974,0.0092871143693034,0.0022975928518922,0.6332952890574572,0.99664411304318,3
35165,676.0719999999999,232.8834611478344,192.38507847810703,1.210506880211793,0.5635232263095329,35463,211.59742103960528,0.7858451774380978,0.99159687561684,0.9667954245042846,0.9085978883888336,0.0066225923829897,0.0027841631476612,0.8255501227846472,0.999334103590506,5
33954,716.75,277.3684803135001,156.35632588368082,1.773951125711694,0.8259704690209545,34420,207.92204188574556,0.7994819872851424,0.9864613596746078,0.8305492781343944,0.7496238997694994,0.0081689485867202,0.001591181142365,0.5619359911056324,0.9968469839997528,4
45738,786.456,290.0632964744967,201.21202267100816,1.4415803420890254,0.7202802790301958,46160,241.32018211723792,0.7455985915492958,0.9908578856152512,0.929261991338182,0.8319569730134938,0.0063418447784008,0.0018741262139773,0.6921524049457751,0.9977933006994724,5
40674,748.346,275.7774682423914,188.39937844659025,1.4637918156432357,0.7302712945857712,41111,227.569209785854,0.7091745998535411,0.9893702415411934,0.9126870008267824,0.8251914532257386,0.0067801904961988,0.0019392801113474,0.6809409344768065,0.996755766823606,6
36554,698.1779999999999,247.48452657388827,188.25733938023205,1.3146075865548716,0.649123224117651,36868,215.73594581860743,0.7899809820193637,0.9914831290007594,0.9423504708418948,0.8717148857958922,0.0067703815334542,0.0024115193723487,0.7598868421181454,0.998953007571738,5
96319,1252.315,434.9804617068263,283.48272365261494,1.534416122796462,0.7584650688369545,98108,350.19588762483505,0.748730984196575,0.9817649936804338,0.7717820329824062,0.8050841783805559,0.0045160400513587,0.0011703148486524,0.6481605342786949,0.994547973957598,0
39054,745.459,281.2519358452778,177.58172637525286,1.5837887241334536,0.7754594696733915,39476,222.9912491110067,0.7161929213277095,0.9893099604823185,0.8831365541954165,0.7928523174101051,0.0072016166294176,0.0017554115876189,0.628614797222574,0.99559302766455,6
43752,769.631,276.4439766731195,202.4861281024569,1.3652489642808534,0.6808023893800943,44197,236.02283059325603,0.7678483678483679,0.989931443310632,0.928202362977342,0.8537817804304727,0.0063184306242713,0.0020709829108569,0.728943328595028,0.9951891243837996,6
31771,650.151,237.7554858013851,170.56022165542575,1.3939679691652287,0.696685593410904,32042,201.12705828848803,0.8113332822595061,0.9915423506647524,0.944522436682671,0.8459407681406959,0.0074834120991276,0.0023639552203433,0.7156157832024704,0.9975454800133324,3
95103,1207.004,459.9861986373535,268.0488820299013,1.7160534121759228,0.8126640744924937,97761,347.9783045291016,0.8168676561533704,0.9728112437475068,0.8203263505366957,0.7564972722223839,0.0048367159672918,0.0009771467969594,0.5722881228799078,0.9820769860158196,2
57436,897.2470000000001,337.87452094706305,217.0157486501983,1.5569124501267124,0.7664559514358716,57931,270.42519574072384,0.7785187594881804,0.9914553520567572,0.8965407229812175,0.8003716734328513,0.0058826262439421,0.0014890794081494,0.6405948156337029,0.997350043946738,6
92830,1186.908,467.3913065217281,254.32137861267992,1.837797943182528,0.8390012706718547,94277,343.7947453608987,0.7731967349658504,0.9846516117398728,0.8280643740252815,0.7355608471184013,0.0050349165843124,0.0009091728530993,0.5410497598135401,0.9943401357447248,2
39767,799.8299999999999,334.2726535651146,153.24585528473548,2.181283486878165,0.8887224284783871,40598,225.01759259107547,0.6131016619900712,0.979531011379871,0.7811551747708976,0.6731558510431461,0.0084057800076725,0.0010646829087761,0.4531387997936223,0.9884241812536194,4
67906,1076.897,376.54901210072126,230.2220141081617,1.6355908168009208,0.7913218109641325,69325,294.041841452515,0.7557034432103986,0.9795311936530832,0.7358167654327173,0.7808859723521546,0.0055451508276252,0.0012718726002915,0.6097829018163702,0.9973553144530726,0
78843,1090.744,420.5249114958486,243.24649437351636,1.7288015294070918,0.815728196659975,80669,316.83753790476663,0.7545578960464738,0.9773642911155462,0.8327743489649564,0.7534334571945911,0.0053337000303875,0.0010602003827889,0.5676619744201937,0.9813748895638804,2
48287,869.9409999999999,343.7255152371188,180.00464573683146,1.9095369112842169,0.8519106394454585,49001,247.953459134223,0.6651101928374655,0.985428868798596,0.8017897302130205,0.7213705359148928,0.0071183862165203,0.0011890357411867,0.5203754500861396,0.9936761296656212,4
36244,701.3959999999998,237.5323078015052,194.5318785543985,1.2210456690525513,0.5738360677904546,36667,214.81921250060765,0.7454852112386359,0.988463741238716,0.9258047744337214,0.9043789221301306,0.0065537001379953,0.0027043821263418,0.817901234793257,0.9986947604570402,5
38544,729.235,275.91585173188014,178.08223783345406,1.5493732282830024,0.7638259499304219,38871,221.5304606871753,0.707657847871188,0.9915875588484988,0.9108180683559818,0.8028913862565838,0.0071584643973609,0.0018349609511158,0.6446345781250188,0.9987795573724118,3
44219,790.9010000000001,303.3616454016749,186.23834461886875,1.628889292495031,0.7893719330262285,44645,237.27911713558817,0.7889206066012489,0.9904580580132154,0.8883304144167186,0.782165843086102,0.0068604365861207,0.0015838968795952,0.6117834060905927,0.9965274395071058,6
23482,572.8600000000001,207.77267416690216,144.53101976830456,1.43756457610262,0.7184090261628253,23791,172.9109915230119,0.7125474131391291,0.987011895254508,0.8991827161700094,0.8322123793050564,0.008848167710029,0.0026180009229803,0.6925774442685833,0.995624800088202,3
32881,669.786,245.00949328849728,171.27064107599705,1.4305399439696174,0.7150857399514933,33236,204.61033568819752,0.7821546659054688,0.9893188109279096,0.92104903098799,0.8351118682869566,0.0074514003007359,0.0022356112208859,0.6974118325537313,0.9976754838651628,3
37918,701.9909999999999,234.7831508541705,205.8916004904306,1.1403240845907296,0.4805931551484285,38269,219.72413854027943,0.7794840168568198,0.9908280853954898,0.966923683502194,0.9358599104786502,0.0061918653635257,0.0029298449803572,0.8758337720411071,0.9987343443564214,5
171423,1547.307,565.2782103435726,387.567386850068,1.4585288378824628,0.7279573918747829,173027,467.18576870141897,0.7682651369156994,0.990729770498246,0.899758534328615,0.8264705062971848,0.0032975633978146,0.000949035276509,0.6830534977791252,0.9962532243273388,1
31751,671.914,244.102718983492,168.52249113548174,1.448487482820607,0.7234513988931086,32462,201.06374308881783,0.6942840899151579,0.9780974678085146,0.8837712953992015,0.8236849795287009,0.0076880324708983,0.0021829287324608,0.6784569455011965,0.982736393191186,6
137075,1432.713,526.8980614634921,334.1175121300153,1.5769842715052302,0.7732332294088539,139517,417.76705302665073,0.6769971601432275,0.9824967566676462,0.8391695475552645,0.792880224053732,0.0038438669448367,0.0009370838481785,0.6286590496954965,0.9913854335092228,1
64517,989.6169999999998,358.2773487646686,230.04739346920763,1.5574066863427638,0.7666267167469053,65672,286.61052965248587,0.7137152086375503,0.9824125959312948,0.8278463427060366,0.7999683224203591,0.0055532239373292,0.001402865740396,0.6399493168760438,0.9966613450232346,0
162820,1525.029,551.6299824950546,377.1518838742189,1.4626202495094114,0.7297590013430745,164278,455.3118301491618,0.7338630801335936,0.9911248006428128,0.8797543234271131,0.8253935511078637,0.0033879743428022,0.0009699830850567,0.6812745142104496,0.9964458999588908,1
36244,701.3959999999998,237.5323078015052,194.5318785543985,1.2210456690525513,0.5738360677904546,36667,214.81921250060765,0.7454852112386359,0.988463741238716,0.9258047744337214,0.9043789221301306,0.0065537001379953,0.0027043821263418,0.817901234793257,0.9986947604570402,5
156593,1478.855,555.821985418761,360.0328102988488,1.5438092571546338,0.7618543104480477,157868,446.52032431762086,0.8025882835323663,0.9919236324017534,0.8997689878782074,0.8033513175647572,0.0035494689125232,0.0009119377224967,0.6453733394330314,0.9963333357375136,1
30917,640.765,213.560089393098,184.43987085903285,1.1578846178889468,0.5041023654121609,31280,198.405511527722,0.7708052854649713,0.9883951406649616,0.9462581799326396,0.9290383427519496,0.0069075294948765,0.0031742202947999,0.8631122423032895,0.9993843888746166,5
155913,1510.721,574.9772164529589,347.1721052697454,1.656173430195994,0.7971347123464566,157587,445.5497695412864,0.7727723312086757,0.9893772963505872,0.8584671075307673,0.7748998687111257,0.0036878080497005,0.000820220123038,0.6004698065285199,0.9944821392074638,1
47771,823.47,308.2403567917462,198.91429667750677,1.549613888696428,0.7639106369510995,48339,246.62507230925132,0.7991134158581465,0.9882496534889011,0.8852758820797797,0.8001063678883442,0.0064524577001056,0.0016311572713069,0.6401701999354784,0.9920166329495864,6
156182,1527.693,552.8045062337145,360.9709714849413,1.5314375667373463,0.7573740828189309,157988,445.9339621242446,0.7938295763551806,0.9885687520571182,0.8409470794110933,0.8066757001718665,0.0035394892256067,0.0009245198841651,0.650725685247771,0.9965457600293388,1
38837,715.528,253.2922344855801,195.38221642306416,1.2963934953891734,0.6363860410292246,39154,222.37087084166288,0.787960558350917,0.99190376462175,0.953240032173516,0.8779221806514658,0.0065219310061431,0.0023899017611401,0.7707473552798249,0.9991918579731732,5
169553,1587.35,625.2960706994332,348.7432744851719,1.792998220890479,0.8300257722115657,171550,464.630589316374,0.7815375112930287,0.9883590789857184,0.8456096876389952,0.7430569470821323,0.0036879092124552,0.0006935030565633,0.5521336266070188,0.9899746102001928,1
233751,1849.371,706.993075786545,423.5279880240607,1.669294818236146,0.8007076130532336,237344,545.5465303907532,0.8192045251437764,0.9848616354321154,0.8588459166645047,0.7716433853101333,0.0030245563688991,0.0006614667164506,0.5954335140928829,0.9939540796793886,1
54503,918.795,369.9598908694144,188.3030063712497,1.9647051738516492,0.8607770328365156,55142,263.43001899309155,0.6367916812711766,0.9884117369700048,0.8113215757715119,0.712050212724479,0.0067878812334993,0.0010763573474183,0.5070155054409758,0.9961359867628944,4
70776,1060.894,386.61994384865886,234.10020818041195,1.6515147374440005,0.7958416997655416,71978,300.19127571962497,0.7757634215314466,0.9833004529161689,0.7902270501072008,0.7764505698576529,0.0054625853940411,0.0012247099719511,0.6028754874322738,0.9956577523381356,0
48123,821.422,307.1304560783664,200.0564929475602,1.5352186352625554,0.7587576607898843,48634,247.5320314854024,0.701307218117431,0.9894929473208044,0.8962515029357763,0.8059507827587209,0.0063821967890274,0.0016610551021946,0.649556664229395,0.9972114955839496,6
58274,983.251,399.9385568462071,188.4421428391509,2.1223413766186248,0.8820382889950411,59545,272.39082442310144,0.6137787935919446,0.9786547988915946,0.7574533664130879,0.6810816805738662,0.0068630702688369,0.0009109509732762,0.4638722556133219,0.9844952815535642,4
37865,707.053,243.05802121758728,198.494562517539,1.2245072012796856,0.5771260828906637,38220,219.5705248010236,0.779821237334212,0.9907116692830978,0.9517960246823208,0.9033667093194284,0.0064190683010058,0.0026369875990419,0.8160714115066127,0.9992853201483248,5
80951,1107.182,395.5388204042448,261.6134599897812,1.5119207567519457,0.7500242537370485,82239,321.0451905664624,0.7799273554093243,0.9843383309621956,0.8298393960013426,0.811665439661146,0.0048861511334541,0.0013081419588436,0.6588007859403215,0.9960545828276672,0
41454,740.397,264.37675193197924,199.85038202919608,1.3228733878194765,0.6546521744000122,41778,229.74088031399947,0.7884286203355015,0.992244722102542,0.9502699727015784,0.8689904790611425,0.0063775932824812,0.0022433480323644,0.7551444526989141,0.9989605004348968,5
78161,1149.645,418.6997309751655,242.00449261443455,1.7301320585078748,0.8160434490848365,80292,315.4642230999342,0.6837993421052632,0.9734593732875008,0.7431431200694536,0.7534378452195506,0.0053568881024445,0.0010648343726011,0.5676685866090794,0.9821416203002225,0
40819,744.823,277.7432343810292,187.64101959075356,1.480183997010831,0.7372759834368292,41162,227.97448316981576,0.7381908275462963,0.9916670715708664,0.924625926283429,0.8208102122734809,0.0068042635630718,0.0019051619318731,0.6737294045724369,0.9972434829637568,6
36593,707.9939999999999,268.9312389459991,173.43172074377236,1.5506462012408764,0.7642733483888182,36923,215.8510010643773,0.7673901646219985,0.9910624813801696,0.9173788540748268,0.802625243204713,0.0073492536535949,0.0018813701872297,0.6442072810294246,0.998937573139991,3
159247,1521.8819999999998,550.0103440186796,369.7737525256894,1.4874239727993364,0.7402758363346044,161350,450.2883273863986,0.7801636292377033,0.9869662224976758,0.8640107831332245,0.8186906524272675,0.0034538191866639,0.0009571030221875,0.6702543843717848,0.9969524391884534,1
94013,1186.708,460.5660539193641,261.52472050523073,1.76108037905408,0.8231436065878821,94873,345.97842319888514,0.8012904105619337,0.9909352502819558,0.838899692624842,0.7512026130772093,0.0048989613555504,0.0009623036569822,0.5643053658940272,0.9937871076709048,2
39235,734.1299999999999,275.39885759118465,181.8888427389296,1.5141052823480368,0.7508647020865742,39649,223.50739034243165,0.7501481750568801,0.9895583747383287,0.9148240587028132,0.8115770424662284,0.0070192139057266,0.001878396428366,0.6586572958582303,0.9972764909160202,6
39123,721.9549999999999,263.8370123438553,189.42612974040253,1.3928226940255208,0.6960776829516941,39458,223.18815091458995,0.7661862050056794,0.9915099599574232,0.9432390161731148,0.8459319218780107,0.0067437827452867,0.0021302226021071,0.7156008164522247,0.99670505701785,3
44876,791.7520000000001,297.62970193108225,192.69086027230748,1.5445968818161742,0.7621350180654877,45345,239.03534845192908,0.8144464609800363,0.9896570735472487,0.8995921668572664,0.8031300199577494,0.0066322689618299,0.0017021010165813,0.6450178289573351,0.996292527323338,6
55232,923.946,382.3744188609339,184.44901834515716,2.0730629107789635,0.8759631485138987,55782,265.1859093821022,0.6037273870033338,0.9901401885913018,0.8130316540360765,0.6935241906926517,0.0069230594376617,0.0009879256920474,0.4809758030758975,0.9970930983387696,4
67109,1017.317,397.48485824475233,218.45807831236203,1.8195017612322355,0.83542727584893,68530,292.31119138280013,0.6433981438870993,0.97926455566905,0.8148506712238169,0.735402079650563,0.0059229739415689,0.0010686094228115,0.5408162187543732,0.9840160625265404,2
145339,1465.758,543.2584514086767,342.46875483305183,1.586300775594862,0.7762725206496314,147256,430.1759665442315,0.6959580142985065,0.9869818547291792,0.8500950460435313,0.7918440392943346,0.0037378711248094,0.000906489324279,0.6270169825659676,0.9946375257555444,1
46973,781.2129999999999,275.06076169457305,217.7319469280094,1.2632999684952928,0.6110686127338602,47306,244.5564988603754,0.7518326450910721,0.9929607237982496,0.9672065714980496,0.8890999114294988,0.0058557205563743,0.0022571601489788,0.7904986525039428,0.9986369228038026,5
37350,699.848,238.17299089404383,199.95433073558755,1.191136946210959,0.5433071079115073,37637,218.07222885057675,0.7862826828344069,0.9923745250684168,0.9582813113658007,0.9156043598058132,0.0063767869047936,0.002764477597503,0.838331343695413,0.998567436642284,5
54421,860.5049999999999,325.1132724680355,213.6953131467253,1.5213870050804974,0.7536334286375793,54873,263.2317785983149,0.7852958152958153,0.991762797732947,0.923569506756569,0.8096617421984682,0.0059740407649259,0.0015836617198973,0.6555521367798588,0.99734850204963,5
75899,1141.825,377.26580142839225,257.432096750058,1.4654963626959123,0.7310138143453582,77693,310.8659006804286,0.7470962280494527,0.9769091166514358,0.7315547302954859,0.8239970320750982,0.0049706294078761,0.0014134932450444,0.6789711088685707,0.9950296904225008,0
181992,1639.2519999999995,642.9683400997226,363.72814384936754,1.7677167713642696,0.8246101088064594,184472,481.3724246624871,0.8081170489109922,0.9865562253350102,0.851080651390085,0.7486720490589436,0.0035329483719049,0.0006846735198669,0.5605098370421172,0.9908226394540044,1
71540,1024.667,404.2473611021698,228.24144365592176,1.7711391701131205,0.825358945217107,73026,301.80715205301806,0.8069937958262832,0.9796510831758553,0.8562356388464012,0.7465902838058084,0.0056506480444809,0.0010829473806107,0.5573970518732373,0.9872277518782656,2
70954,1014.501,382.2136984749517,239.62982058953952,1.5950172542575296,0.7790575113943224,72407,300.56852572606255,0.7417078703364938,0.979932879417736,0.8663268781020582,0.7863886797499494,0.0053867815553027,0.0012707442098714,0.6184071556388685,0.9863700834003168,2
59829,976.903,359.84037372992714,213.0306154030355,1.6891486373878246,0.8059275230747307,60870,276.00117521844004,0.6744791666666666,0.982897979300148,0.7878049792664217,0.7670100282454371,0.0060144808325381,0.0012840504178962,0.5883043834290662,0.9937335476384916,0
44957,777.7539999999999,277.80004170613057,206.30699845778457,1.3465371692806398,0.6696845577667967,45371,239.2509774539254,0.7691926018444061,0.990875228670296,0.9339479650167652,0.8612344907673408,0.0061792388661639,0.002097009524751,0.7417248480872808,0.9987600773285596,5
26188,605.99,224.4703846043085,149.35870830128331,1.502894522571201,0.7465024286889268,26585,182.6022924213287,0.7434281496621813,0.9850667669738574,0.8961511804712234,0.8134805522038735,0.0085714978083209,0.0023153954750234,0.6617506088139189,0.9945413652945964,3
42156,815.245,335.1982428883482,160.93693838491424,2.0827924667403064,0.877200274943052,42586,231.6779796352159,0.834045584045584,0.9899027849528014,0.7970635920504315,0.6911670468164892,0.0079513768594825,0.0011193198244111,0.4777118866050271,0.9949747186932496,4
32363,664.346,244.19751239770451,169.1145767527312,1.443976723276521,0.7213872146806876,32743,202.9922446456122,0.752278010227801,0.9883944659927312,0.9214462104539444,0.8312625409345502,0.0075455771219511,0.0022224145239557,0.6909974119609646,0.99778417871595,3
66642,1029.494,346.97972147115223,246.0212561154585,1.4103648072925603,0.7051718719900992,67731,291.2923441153933,0.7352707533430425,0.9839216902157064,0.7901512774630296,0.8395082654408415,0.005206622272308,0.0015952756639289,0.7047741277434904,0.99398862685973,0
69144,997.499,383.30732336779374,231.60062472543137,1.6550357919898302,0.7968201633074714,70302,296.7100859107558,0.7445085709363425,0.983528206878894,0.8732516724346848,0.7740788339336122,0.0055436093278924,0.0012277590652091,0.5991980411440209,0.9916942045835494,2
147218,1459.1289999999997,531.2387000153717,353.5033197997546,1.50278277532527,0.7464583243448092,148914,432.9477789489412,0.7447326220792294,0.9886108760761244,0.8689272142350474,0.8149778601152619,0.0036085173009779,0.0009819554787595,0.6641889124780512,0.9981316572340388,1
43435,756.5740000000001,261.266251877833,212.1423231594604,1.2315611896144256,0.5836887078196791,43926,235.1662382774615,0.7734152421652422,0.9888221099121248,0.9535574528808848,0.9001018561992624,0.0060151088264724,0.0024355097979015,0.8101833515333575,0.9977903722202244,5
45887,839.116,339.7362095159521,173.00625861056707,1.963722077134158,0.8606263105423837,46394,241.7129350888413,0.6245678508234653,0.9890718627408716,0.8189464884060572,0.7114723962842466,0.0074037572627531,0.0011702109411853,0.506192970674448,0.9940223118035372,4
80784,1264.547,394.39575075977,261.84845883159863,1.5061984802951078,0.7478008329576191,82343,320.71386527851485,0.696672042222548,0.981067000230742,0.6348414372091337,0.8131777907360482,0.0048821022821322,0.0013168268457907,0.6612581193463604,0.995985974442289,0
66744,986.985,380.8264966931668,224.21506421947328,1.6984875571089826,0.8083085586393239,67410,291.5151800057824,0.8068665377176015,0.9901201602136182,0.8609957144747682,0.7654802975557059,0.0057057787470509,0.0012084557648229,0.585960085945972,0.9952459149417434,2
54666,930.268,374.0000210832018,188.30144505494837,1.9861771160283164,0.8640070138385956,55456,263.82363986665865,0.6144318309542542,0.9857544720138488,0.7937998215465782,0.7054107620169552,0.0068415472338053,0.0010449666181619,0.4976043431693414,0.9883303592392472,4
52371,841.309,281.55603741872,237.23841233039735,1.186806279189739,0.5385438314859082,52919,258.2263119771593,0.7578467549381376,0.989644551106408,0.9298002549784656,0.9171400277705088,0.0053761821889732,0.0023463691154034,0.8411458305388899,0.9982771533978224,5
44876,791.7520000000001,297.62970193108225,192.69086027230748,1.5445968818161742,0.7621350180654877,45345,239.03534845192908,0.8144464609800363,0.9896570735472487,0.8995921668572664,0.8031300199577494,0.0066322689618299,0.0017021010165813,0.6450178289573351,0.996292527323338,6
184259,1644.5939999999998,628.1734098235988,377.5461788450255,1.6638319893616256,0.7992323117483402,186648,484.3612755716092,0.8151682460471248,0.9872005057648622,0.8560934433984436,0.771063002662952,0.0034091871215169,0.0007433443806731,0.5945381540756075,0.9892115996470068,1
52097,891.9159999999999,350.5119925794319,196.48881928242093,1.7838775450913953,0.8281025789214302,54156,257.5499185829181,0.7199695964621338,0.9619802053327424,0.8229523120704166,0.7347820446530171,0.006728064813318,0.0012097735083723,0.5399046531444686,0.963123787234776,4
48623,896.5989999999999,360.6307342402396,173.7178725292888,2.0759564286019985,0.8763330641313223,49603,248.81464262309365,0.5910245657538077,0.9802431304558192,0.7600726661983255,0.6899429776757242,0.0074168754342644,0.0010367010602111,0.4760213124440449,0.9881995037197756,4
74299,1058.8439999999998,422.5695482737845,225.54357229383405,1.873560589539961,0.8456466900189323,75018,307.571820774072,0.7855926916692219,0.9904156335812738,0.8327772885034559,0.7278608267692658,0.0056874190537394,0.0009846647185633,0.5297813831452393,0.9925775205328902,2
66178,1002.393,394.5140473959008,216.16996620271695,1.825017852044898,0.8365177377939543,66871,290.27650023982926,0.7962604228080519,0.9896367633204228,0.8276513954350035,0.7357824192975629,0.0059614078303348,0.0010777703281584,0.5413757685473747,0.9880204422634858,4
74362,1039.5839999999998,400.4098856456712,237.341204298639,1.687064354581466,0.8053897409171791,74937,307.7021921039825,0.788401187446989,0.9923268879191854,0.8646528002650106,0.7684680202333286,0.0053846035024027,0.0011583416925973,0.5905430981213318,0.9962842106846036,2
39415,739.9419999999999,271.55178256189697,185.1140476146529,1.4669431415987362,0.7316414291860779,39827,224.01950061487156,0.728652505869521,0.989655258995154,0.9046405205698356,0.8249605231879079,0.0068895542956208,0.0019683555853241,0.680559864818467,0.9983426261428132,6
39790,734.078,248.16165983709325,204.3892451082405,1.2141620255296297,0.5671517627567696,40254,225.0826547848859,0.7812377287363543,0.988473195210414,0.9278961780027788,0.907000118119142,0.0062367846151569,0.0026035737447544,0.8226492142681376,0.9988294362961604,5
49442,824.1899999999999,310.6162207999086,203.2771674727917,1.528042842497223,0.7561209372369262,49877,250.90139411887677,0.8133780804790577,0.9912785452212444,0.9146421525146238,0.8077536758149578,0.0062824364062923,0.0016497708889191,0.652466000792576,0.9969960024838832,6
42312,751.298,256.8438279795744,210.1836690410357,1.2219970711874333,0.5747449955963404,42692,232.1062507060812,0.774945054945055,0.9910990349479996,0.9419957699421276,0.903686308259428,0.0060702360554824,0.0024972162484721,0.8166489437355537,0.9979426174331578,5
68185,1052.159,439.9918319623837,201.13508462463275,2.187543922451501,0.8893979986732542,69064,294.6452754716544,0.6541406040139683,0.9872726746206416,0.7739910878520779,0.6696607847412144,0.0064529123995363,0.0008004883246045,0.4484455666202188,0.9809943738103796,4
72779,1065.022,361.2907741205791,258.66493598151504,1.3967520288347006,0.6981549460303206,74246,304.40942959488035,0.7291535170769339,0.9802413598038952,0.8063039548139679,0.8425607610264776,0.0049642173445716,0.0015432470985965,0.709908636021517,0.9915663276503288,0
62517,1011.37,404.4650896908705,198.30901311291063,2.0395698780497757,0.8715540397787666,63535,282.1331540571015,0.6267368421052631,0.9839773353269852,0.7680471096745013,0.6975463674077128,0.0064696816816365,0.0009448328871973,0.4865709346836959,0.992395421915391,4
73724,1080.903,367.5997335568061,258.7821968729742,1.4204985427851748,0.7102215859246008,75524,306.3793599380597,0.7323042692254207,0.9761665166039936,0.7929490991394839,0.8334591458312743,0.0049861609999024,0.0014841688990792,0.6946541477697974,0.9867552046466748,0
188888,1655.013,630.1989919647748,384.8905253825387,1.6373460774032471,0.791827783551562,191255,490.4076581028639,0.7788232383622644,0.9876238529711642,0.8665854905614091,0.7781790582906477,0.0033363633050525,0.000754694622894,0.6055626467621192,0.991515624297884,1
44957,777.7539999999999,277.80004170613057,206.30699845778457,1.3465371692806398,0.6696845577667967,45371,239.2509774539254,0.7691926018444061,0.990875228670296,0.9339479650167652,0.8612344907673408,0.0061792388661639,0.002097009524751,0.7417248480872808,0.9987600773285596,5
31519,676.641,255.0735621447241,157.8027399554127,1.6164076885914362,0.7856621378060065,32065,200.32782435425088,0.7580327080327081,0.9829720879463588,0.865098731000994,0.7853727476491213,0.0080926920950767,0.001899223557867,0.6168103527499303,0.9970169965877834,6
44375,843.947,350.6837626526769,161.736345994715,2.1682433870747646,0.8872947333042877,44978,237.69729657196956,0.5938440950150552,0.9865934456845568,0.7829208927356068,0.6778109564410855,0.0079027326794969,0.0010289431803421,0.4594276926715792,0.9961510564741688,4
39889,774.6759999999999,318.6391544632527,159.82244338699908,1.993707189744871,0.8651123286980353,40193,225.36249066768167,0.7299260723173767,0.9924364939168512,0.8352621659328592,0.707265530651136,0.0079881459666387,0.0012329791311289,0.500224530847233,0.9973012436368832,4
77398,1056.265,407.9541382120409,242.60341895004143,1.68156796791083,0.8039602274779815,77964,313.920681515908,0.7996074177385195,0.9927402390847058,0.8717537488280537,0.7694999317613063,0.0052708614978686,0.0011399760041614,0.592130144980655,0.995707084633865,2
67063,990.719,370.0897581639312,231.6978532478427,1.5972947223125689,0.7797760613821408,68087,292.210991560164,0.7177119006849315,0.9849604182883664,0.8586019240648124,0.789567895663649,0.0055185386601245,0.0013230058891821,0.6234174618627231,0.9957814216308248,0
53759,899.51,354.13127940301143,194.45971555690323,1.8211035555041977,0.8357450984973095,54419,261.6258486568512,0.7908061194468962,0.9878718829820468,0.8349280542406782,0.7387820954361773,0.0065873859149725,0.0012104819454588,0.5457989845370692,0.9939564713310374,4
171116,1598.192,613.7203746688998,361.9939189044216,1.695388631185659,0.8075235983790509,174786,466.7672417135784,0.6739609919021962,0.9790028949687046,0.8418652412670228,0.7605536022254399,0.0035865750407261,0.0007402509870212,0.5784417818580928,0.9806836207649854,1
41169,753.9250000000001,266.1669592600919,197.3244373829632,1.348879858927562,0.6711121184200783,41710,228.9497735687937,0.7945996024010346,0.9870294893310956,0.9101728838871692,0.8601735324521235,0.0064652277019138,0.0021832722185889,0.7398985059311645,0.9980341923011428,3
171116,1598.192,613.7203746688998,361.9939189044216,1.695388631185659,0.8075235983790509,174786,466.7672417135784,0.6739609919021962,0.9790028949687046,0.8418652412670228,0.7605536022254399,0.0035865750407261,0.0007402509870212,0.5784417818580928,0.9806836207649854,1
50253,872.982,354.0748473761619,181.35563339170648,1.952378543496372,0.8588687383288423,50859,252.95079925071624,0.6416041060211429,0.9880847047720168,0.8286311955536778,0.7143992326062812,0.007045844971965,0.0011320790759958,0.5103662635484435,0.9964281422763956,4
203643,1719.3069999999998,649.439542853067,402.09785503844256,1.6151280955999563,0.78527594338491,206242,509.2016502413388,0.7745848326017664,0.9873982990855404,0.8657101064428353,0.7840632062598991,0.0031891081100409,0.0007434526288927,0.614755111410553,0.9929082523528654,1
37215,713.286,268.127425769337,177.60425022839132,1.5096903673450202,0.7491614142422414,37638,217.67776564757156,0.8055194805194805,0.9887613582018172,0.91917983315605,0.8118444617255753,0.0072048213292848,0.0019306089154244,0.6590914300344892,0.9950239831227228,6
48733,863.324,353.4646148855749,177.24239124442235,1.994244223426985,0.8651906265411099,49160,249.09593078486583,0.6942813995896968,0.9913140764849472,0.8216472061258322,0.704726641068454,0.0072530854838728,0.0011035329807424,0.4966396386316256,0.9904207304659848,4
38947,720.254,259.5277048851404,191.46017446838732,1.3555179587909123,0.6751009295356772,39327,222.68556430267404,0.7376325757575758,0.9903374272128564,0.943436157873487,0.8580415890520373,0.0066636122136529,0.0022280392243201,0.7362353685429454,0.9979802639570085,3
85601,1136.7240000000002,407.7603520208111,268.7694157639238,1.517138216272983,0.7520239985432567,87003,330.13721127566737,0.781594397421499,0.9838856131397768,0.8324892674468901,0.8096353891189939,0.0047634998658988,0.001262594379333,0.655509463313865,0.9944984579220576,0
133760,1369.7379999999998,481.2607823457028,354.6256634046364,1.3570951908141309,0.6760366641532302,135151,412.6845302452896,0.7445671535447097,0.9897078083033052,0.8959032569174575,0.8575070842752506,0.0035979424517471,0.0012000099358384,0.7353183995822419,0.997897063790204,1
45217,773.044,278.3089933251183,207.19837040747055,1.3432006862689294,0.6676331794232179,45541,239.94181064226768,0.7347340027948392,0.9928855317186712,0.9508306691779486,0.8621417790907303,0.0061549636934143,0.002097587197499,0.7432884472537298,0.9983855524469768,5
40819,744.823,277.7432343810292,187.64101959075356,1.480183997010831,0.7372759834368292,41162,227.97448316981576,0.7381908275462963,0.9916670715708664,0.924625926283429,0.8208102122734809,0.0068042635630718,0.0019051619318731,0.6737294045724369,0.9972434829637568,6
36244,701.3959999999998,237.5323078015052,194.5318785543985,1.2210456690525513,0.5738360677904546,36667,214.81921250060765,0.7454852112386359,0.988463741238716,0.9258047744337214,0.9043789221301306,0.0065537001379953,0.0027043821263418,0.817901234793257,0.9986947604570402,5
186765,1648.501,635.8735910633054,377.52688102766535,1.6843134171860683,0.8046763372941443,188680,487.6439106278911,0.8080447536472665,0.9898505405978376,0.8636284216456266,0.7668881322975764,0.0034046721337686,0.0007264121960276,0.588117407458865,0.9905740402636524,1
64456,957.016,357.03596728612223,230.7953003534392,1.5469810985724517,0.7629815095457642,65050,286.4750043118067,0.7455870445344129,0.99086856264412,0.8843716607159019,0.8023701547195404,0.0055392200460177,0.0014162093101113,0.6437978651846592,0.9959431287419632,2
42218,741.0939999999999,249.39157803780444,215.7686594211449,1.1558285559490509,0.501461058693033,42547,231.84828465966507,0.7742018301516569,0.9922673749030484,0.965963964431115,0.9296556302495508,0.0059072333610735,0.0027217755334665,0.8642595908546894,0.9989359148626932,5
74699,1078.742,414.6593349643754,231.26112445655696,1.7930351931773572,0.8300334995459621,76482,308.3986393487687,0.780741453013786,0.976687325122251,0.806658057046696,0.7437397722524783,0.0055510694248166,0.0010477084520331,0.5531488488301683,0.9918153530180336,2
33203,670.74,249.9082958175626,169.45266745035158,1.474797060310567,0.7350071150105142,33513,205.60975804626003,0.719115481244044,0.9907498582639572,0.9274249522566408,0.8227408272847363,0.007526678186235,0.0021273321644615,0.6769024688811724,0.998293771222918,3
87055,1142.042,455.259717206002,245.53759125875573,1.854134492694579,0.8420911711650707,87949,332.92922456119646,0.7536707414205077,0.989835018021808,0.8387633238345259,0.7312951530270099,0.0052295642663373,0.0009226055164218,0.5347926008407978,0.9915774076567672,2
40838,731.101,242.8971552220815,214.41520428600504,1.1328355003131438,0.469860469191021,41208,228.02753458276607,0.7904231022335773,0.9910211609396232,0.9601068604481284,0.9387822363513476,0.0059478220094539,0.0028496871200642,0.8813120872888374,0.9983816193358712,5
172546,1574.542,597.1470817649721,370.9714792332236,1.6096846124107445,0.7836205868357156,174186,468.71354843430055,0.7503827018752391,0.9905847771921968,0.874593530522939,0.7849214418815146,0.003460799333308,0.000810328200207,0.6161016699253558,0.9917293777594088,1
150168,1474.752,548.376346627134,351.43240877055155,1.560403460072364,0.7676578619362113,151809,437.2640345989937,0.8229465792761788,0.9891903642076556,0.8676593938133084,0.797379458994626,0.0036517523482175,0.0009106285349674,0.6358140016265624,0.9921263681005438,1
40443,753.761,278.6161751535683,185.1616058789064,1.5047189390643985,0.7472207324111643,40926,226.92207232379175,0.737150043744532,0.9881982114059522,0.8945114443917778,0.8144612286013774,0.0068891075131312,0.0018699258511014,0.6633470928948652,0.9981509338522142,3
53413,895.9659999999999,341.5233905486457,200.14050407299064,1.70641815923524,0.810294540226558,54213,260.7825603888021,0.7575022691173133,0.9852433918063932,0.8361299430795754,0.7635862362746629,0.0063940125165904,0.0013408667179802,0.5830639402281054,0.9949508956004895,6
89095,1126.165,431.91199181908166,263.7291843340942,1.6377102629337077,0.7919325197726529,90202,336.8074780021657,0.7735619709138268,0.987727544843795,0.8827935361424277,0.7798058039176806,0.0048477691432637,0.0011057769826537,0.6080970918237003,0.995886848139815,2
73412,1058.56,344.83264957912144,271.4886534575292,1.2701549224526465,0.6165630507042027,74526,305.73037379053096,0.7992596624931955,0.9850521965488556,0.8232769600372312,0.8866050652793,0.0046972245624573,0.0017903663988058,0.7860685417789118,0.9984288277256586,0
84917,1141.779,454.69477191623713,240.90829746284135,1.8874184770923923,0.8481074864068217,86284,328.8155750877318,0.7288449819327262,0.9841569700060266,0.8185409377034321,0.7231567095042507,0.0053545788465941,0.0009033057205855,0.5229556265010153,0.9870361121574442,2
55429,911.762,327.8248583352825,215.90977954060597,1.5183418696123896,0.7524816612810767,56253,265.6584173805252,0.728763196991809,0.9853518923435196,0.8378840663112739,0.8103669097259957,0.0059143202716138,0.0015732994719223,0.6566945283788601,0.9970867979829848,0
67960,1003.526,352.4252564060101,246.5565135538284,1.4293893571344174,0.7145352457898632,68906,294.15873174223753,0.7173089304750747,0.9862711520041796,0.8480197683901401,0.8346698382006799,0.0051857748146852,0.0015525739571624,0.6966737388019489,0.995818027638549,0
168165,1588.5559999999998,614.8503149083568,350.57336457417483,1.753842068564413,0.821522035424034,170374,462.7248945544087,0.8135231626610937,0.9870344066582928,0.8374143855488778,0.7525813736037162,0.0036562323605289,0.0007234814697964,0.5663787238952563,0.9933388327073288,1
54160,929.492,349.45945026225326,202.9347314081828,1.722028791411514,0.8141102200561854,55623,262.5997976824362,0.7495052656342979,0.9736979307121156,0.7877659538375786,0.7514456898657831,0.0064523532175452,0.0012690779182638,0.5646706248178625,0.9723790736006884,4
88773,1139.829,433.4571415644493,264.0923336277345,1.6413090664549623,0.792963016443496,90305,336.19829580884937,0.7562228469205213,0.98303526936493,0.8586404741374712,0.7756206175204086,0.0048827587393064,0.0010900399335401,0.60158734232274,0.9873907592188584,2
28735,626.7959999999999,237.553559734588,154.26567203079415,1.5398990365605651,0.7604527865762276,29049,191.27607879179484,0.7973970473970474,0.9891906778202348,0.9191124160661182,0.805191380863761,0.0082670457537702,0.0021435152289827,0.64833315981729,0.9983676081729116,3
226687,1839.808,720.6955205465366,405.53724088200994,1.777137702517982,0.8266594145135988,231500,537.2400326459112,0.7583838505493329,0.9792095032397408,0.8415723788437827,0.745446610017081,0.0031792538634616,0.0006055794745726,0.5556906483859582,0.9875388021833494,1
45606,855.1919999999999,342.0626725979427,171.38518266705637,1.9958707472538928,0.8654273400917679,46331,240.97170513815897,0.7844169246646027,0.9843517299432344,0.783618332861548,0.7044665333051259,0.0075003875059847,0.0011394753353566,0.496273096546942,0.9904969560471484,4
225405,1796.132,663.2439940602409,435.837856504911,1.5217677495455642,0.7537768289224057,228671,535.7187317809872,0.7852081765738651,0.9857174718263356,0.8780048376203318,0.8077249648374941,0.0029424546663128,0.0007725801891551,0.6524196188217312,0.9928311350937208,1
57716,909.091,335.90117000405775,219.5139403214524,1.5302042754650111,0.7569200237065219,58301,271.0835545803814,0.7765041437950705,0.9899658667947376,0.8775894065999182,0.8070336717704992,0.005819896909073,0.0015228659454621,0.6513033473713742,0.99662716677235,0
70124,1011.921,386.9887044901287,233.2943097276347,1.658800443705328,0.7978581211144883,71640,298.80537116157825,0.7886189833558255,0.9788386376326076,0.8605643038288227,0.772129438649288,0.0055186341978513,0.001209962231804,0.5961838700288646,0.9889500681338405,2
35208,700.1700000000001,253.525278298,176.99793668567662,1.432362902332727,0.7159543512063635,35700,211.7267528939969,0.7743808560242819,0.986218487394958,0.9024937897680048,0.8351307385022487,0.0072007861366166,0.0021606158176749,0.6974433503913114,0.9989919815791598,3
68367,1017.312,388.0458726473143,228.1223267311627,1.701042936952936,0.8089520446466727,70183,295.0382482914865,0.8002879617923866,0.9741247880540872,0.8301337145488689,0.7603179651897491,0.0056759236568419,0.0011700308625517,0.5780834081902806,0.983344698471758,2
39712,748.9929999999999,270.6895484945176,187.6197853014602,1.4427558802478329,0.7208241848962296,40330,224.86193275101675,0.808732486151841,0.9846764195388048,0.889561761455815,0.83070046110617,0.0068163161889231,0.0020021992609952,0.6900632560820035,0.9955928204552764,6
86471,1156.345,438.1979857903878,256.51621839480066,1.708266200603204,0.8107526658336588,89363,331.8106337548486,0.6928766025641026,0.9676376128822892,0.8126536526806333,0.7572162458856448,0.005067571622745,0.0010276834214135,0.5733764430331493,0.9794795978556172,2
54503,918.795,369.9598908694144,188.3030063712497,1.9647051738516492,0.8607770328365156,55142,263.43001899309155,0.6367916812711766,0.9884117369700048,0.8113215757715119,0.712050212724479,0.0067878812334993,0.0010763573474183,0.5070155054409758,0.9961359867628944,4
60409,946.447,359.7523847368893,215.0499722463753,1.672878080285142,0.8016660179451903,61368,277.3357670007719,0.731414664858582,0.9843729631078086,0.8474594222702058,0.7709073762043465,0.0059552779343622,0.0012974499155401,0.5942981826862697,0.9941884029691554,0
32615,664.7889999999999,218.146746288941,191.00227698353,1.1421159461243051,0.4830951720494698,33016,203.7810289294304,0.8085628579220071,0.9878543736370244,0.9273839969932453,0.9341465430775536,0.0066885404350434,0.0031417466709294,0.8726297639437437,0.996644368462838,5
206303,1734.416,666.0177998119804,395.9859468011504,1.6819228187065691,0.8040530183864562,207854,512.5164756351725,0.8175920421670035,0.9925380315028818,0.86180471325093,0.7695236910783135,0.003228347623699,0.0006983096359864,0.5921667111307917,0.9959787039292998,1
42772,753.505,269.3754712802784,202.6182578161153,1.3294728430877547,0.6589601732819855,43098,233.3645255976417,0.7823383084577115,0.9924358438906676,0.9466667971662208,0.8663169088429428,0.0062979395698185,0.0021881919510091,0.7505049865471918,0.997775998216432,5
81767,1094.281,425.2811929338772,245.72819061964563,1.7306976129253138,0.8161771932555377,82504,322.6592286830799,0.6854472294408585,0.9910670997769804,0.8580848033528375,0.7586962086358873,0.0052011348457675,0.0010630398165851,0.5756199369984698,0.9962240509154712,2
49498,876.898,362.7377272594952,174.9620049887751,2.073237142445681,0.8759854710497084,50137,251.04344441809485,0.6838251547303271,0.9872549215150488,0.8089084203577508,0.6920797743172259,0.0073283309883125,0.0010370733365039,0.4789744140189824,0.9930275454253098,4
69221,1034.794,420.1858938124709,212.6011486633316,1.976404626476708,0.8625515062477397,70186,296.8752507807154,0.8039605110336817,0.9862508192517028,0.8123439104896178,0.7065331205840313,0.0060702083733617,0.0009330683614329,0.4991890504822094,0.9865995488595536,2
191369,1683.208,650.456082350168,381.3812679294206,1.705527085484815,0.8100730196906579,194562,493.6178465538127,0.8248948239594469,0.9835887788982433,0.8488009916494268,0.7588795922552036,0.003398962644682,0.0006953727219581,0.5758982355414242,0.9822100391988126,1
64346,967.065,376.0208576747266,220.88098065673796,1.7023686537279783,0.809284539884991,65560,286.2304521631631,0.7602315689981096,0.9814826113483832,0.8646096679751536,0.7612089763668486,0.0058437332184553,0.0012102796962722,0.5794391057014654,0.9864189702903474,2
82879,1099.5589999999995,409.282143768966,262.31049725909,1.560296473246775,0.7676211753813438,85153,324.8458407123378,0.682232758762615,0.9732951275938604,0.8614246419871111,0.793696587202467,0.004938309388011,0.0012088602842984,0.6299542725368434,0.9829154297459746,2
37215,713.286,268.127425769337,177.60425022839132,1.5096903673450202,0.7491614142422414,37638,217.67776564757156,0.8055194805194805,0.9887613582018172,0.91917983315605,0.8118444617255753,0.0072048213292848,0.0019306089154244,0.6590914300344892,0.9950239831227228,6
40674,748.346,275.7774682423914,188.39937844659025,1.4637918156432357,0.7302712945857712,41111,227.569209785854,0.7091745998535411,0.9893702415411934,0.9126870008267824,0.8251914532257386,0.0067801904961988,0.0019392801113474,0.6809409344768065,0.996755766823606,6
71126,1037.583,403.791109650637,225.4813440171916,1.7907960918480708,0.829564525842828,71831,300.9326101618653,0.7384650525354043,0.9901852960420988,0.8302187823303206,0.7452680432271883,0.0056771238316598,0.001080334206037,0.5554244562556823,0.9946519455795156,2
44389,825.9219999999999,316.66128693366755,180.1679484051713,1.757589458817296,0.8223644491946309,45118,237.73478952658388,0.6513426265590609,0.9838423688993306,0.8177247755592039,0.7507541948958959,0.0071337783444922,0.0013979461552406,0.5636318611537848,0.9906334178174664,4
34831,707.8659999999999,278.0541442341059,159.95819232091102,1.7382926138366743,0.8179585652248533,35174,210.59013885429312,0.6757920878523893,0.9902484789901632,0.8735217064989041,0.7573709769165969,0.0079829503670324,0.0016202343160713,0.5736107966756003,0.9971034110781666,3
